date,lat,lon,altitude,azimuth
2024-06-22T04:00:00Z,69.57,-138.91,0.3197236900949227,1.8875211040209314
2024-06-22T05:00:00Z,69.57,-138.91,0.2370153410978546,2.1220248256808323
2024-06-22T06:00:00Z,69.57,-138.91,0.1654500272526347,2.355961498795783
2024-06-22T07:00:00Z,69.57,-138.91,0.10897710006791808,2.591537678707193
2024-06-22T08:00:00Z,69.57,-138.91,0.07086814031994684,2.8295309757211986
2024-06-22T09:00:00Z,69.57,-138.91,0.05344902177453871,3.069423961076153
2024-06-22T10:00:00Z,69.57,-138.91,0.05782217207191883,-2.973369448651948
2024-06-22T11:00:00Z,69.57,-138.91,0.08370801190277179,-2.734102323204399
2024-06-22T12:00:00Z,69.57,-138.91,0.12948680526412126,-2.497075728878404
2024-06-22T13:00:00Z,69.57,-138.91,0.19241898423811477,-2.2623225849700224
2024-06-22T14:00:00Z,69.57,-138.91,0.26893440154843595,-2.0284971875377593
2024-06-22T15:00:00Z,69.57,-138.91,0.3548641030840657,-1.7928323697369677
2024-06-22T16:00:00Z,69.57,-138.91,0.4455334820488064,-1.5512640022219066
2024-06-22T17:00:00Z,69.57,-138.91,0.535703434133179,-1.2987170590304302
2024-06-22T18:00:00Z,69.57,-138.91,0.6194236780379898,-1.0297431084892135
2024-06-22T19:00:00Z,69.57,-138.91,0.6899797934092202,-0.7399235500008278
2024-06-22T20:00:00Z,69.57,-138.91,0.7402874582052272,-0.42836756725085423
2024-06-22T21:00:00Z,69.57,-138.91,0.7641363746098851,-0.10050058203683862
2024-06-22T22:00:00Z,69.57,-138.91,0.7581445619379257,0.2316888709629395
2024-06-22T23:00:00Z,69.57,-138.91,0.7231905856319458,0.5542060752883156
2024-06-23T00:00:00Z,69.57,-138.91,0.6640158759271201,0.8573897444600926
2024-06-23T01:00:00Z,69.57,-138.91,0.5873864892869701,1.1385716917799094
2024-06-23T02:00:00Z,69.57,-138.91,0.5003344874727735,1.4004008182621899
2024-06-23T03:00:00Z,69.57,-138.91,0.4092833628416704,1.6479412695842233
2024-06-23T04:00:00Z,69.57,-138.91,0.31988383222556643,1.8866080798564655
2024-06-23T05:00:00Z,69.57,-138.91,0.23713606939254836,2.121125805617574
2024-06-23T06:00:00Z,69.57,-138.91,0.1655153899645234,2.355068754764696
2024-06-23T07:00:00Z,69.57,-138.91,0.10897382637356538,2.59064861786413
2024-06-23T08:00:00Z,69.57,-138.91,0.07078651153654088,2.828647895576113
2024-06-23T09:00:00Z,69.57,-138.91,0.053283867409729034,3.068552746050126
2024-06-23T10:00:00Z,69.57,-138.91,0.05757350807226636,-2.974221682509412
2024-06-23T11:00:00Z,69.57,-138.91,0.08338093196557095,-2.7349300583223326
2024-06-23T12:00:00Z,69.57,-138.91,0.12909059908142292,-2.4978774398756336
2024-06-23T13:00:00Z,69.57,-138.91,0.19196585308683312,-2.2631020733330645
2024-06-23T14:00:00Z,69.57,-138.91,0.2684382946077576,-2.02926389225937
2024-06-23T15:00:00Z,69.57,-138.91,0.3543400691758379,-1.7936011262337175
2024-06-23T16:00:00Z,69.57,-138.91,0.4449976912826963,-1.5520546312584043
2024-06-23T17:00:00Z,69.57,-138.91,0.5351738034731817,-1.2995535860835936
2024-06-23T18:00:00Z,69.57,-138.91,0.6189207745634588,-1.0306514325472445
2024-06-23T19:00:00Z,69.57,-138.91,0.6895271803669653,-0.740925353419216
2024-06-23T20:00:00Z,69.57,-138.91,0.7399098864088455,-0.42946907932781464
2024-06-23T21:00:00Z,69.57,-138.91,0.7638543042082468,-0.10168110701212267
2024-06-23T22:00:00Z,69.57,-138.91,0.7579665282354543,0.23047528874567716
2024-06-23T23:00:00Z,69.57,-138.91,0.7231091224850806,0.5530101785872632
2024-06-24T00:00:00Z,69.57,-138.91,0.6640106981404431,0.8562450102620114
2024-06-24T01:00:00Z,69.57,-138.91,0.5874314916268806,1.1374884620352541
2024-06-24T02:00:00Z,69.57,-138.91,0.5004032778627349,1.3993734240967721
2024-06-24T03:00:00Z,69.57,-138.91,0.4093517418720323,1.6469571962562628
2024-06-24T04:00:00Z,69.57,-138.91,0.31993030562110325,1.8856541793364985
2024-06-24T05:00:00Z,69.57,-138.91,0.2371417316009995,2.1201916323988392
2024-06-24T06:00:00Z,69.57,-138.91,0.1654639597635245,2.354148212071937
2024-06-24T07:00:00Z,69.57,-138.91,0.10885212580146,2.5897405862578684
2024-06-24T08:00:00Z,69.57,-138.91,0.07058532804846297,2.8277558904109354
2024-06-24T09:00:00Z,69.57,-138.91,0.05299885890945623,3.06768342724763
2024-06-24T10:00:00Z,69.57,-138.91,0.05720566713639652,-2.9750610292382746
2024-06-24T11:00:00Z,69.57,-138.91,0.0829362565711421,-2.7357343866185757
2024-06-24T12:00:00Z,69.57,-138.91,0.12857900694105534,-2.4986462154075157
2024-06-24T13:00:00Z,69.57,-138.91,0.1913997636484703,-2.2638404023954593
2024-06-24T14:00:00Z,69.57,-138.91,0.26783141855383236,-2.0299826590302525
2024-06-24T15:00:00Z,69.57,-138.91,0.3537067840382906,-1.7943167093576657
2024-06-24T16:00:00Z,69.57,-138.91,0.44435313688709854,-1.5527886359414753
2024-06-24T17:00:00Z,69.57,-138.91,0.5345346325670675,-1.3003324118228539
2024-06-24T18:00:00Z,69.57,-138.91,0.6183062688567762,-1.0315044504202247
2024-06-24T19:00:00Z,69.57,-138.91,0.6889599491047553,-0.7418792323548006
2024-06-24T20:00:00Z,69.57,-138.91,0.7394145238481155,-0.43053620966023765
2024-06-24T21:00:00Z,69.57,-138.91,0.7634522253514677,-0.10284624854340912
2024-06-24T22:00:00Z,69.57,-138.91,0.7576680538512663,0.2292561739704547
2024-06-24T23:00:00Z,69.57,-138.91,0.722908510059516,0.5517906293053371
2024-06-25T00:00:00Z,69.57,-138.91,0.6638885293258743,0.8550641989586812
2024-06-25T01:00:00Z,69.57,-138.91,0.5873615369475335,1.1363626184716316
2024-06-25T02:00:00Z,69.57,-138.91,0.5003583761763989,1.3983015271390737
2024-06-25T03:00:00Z,69.57,-138.91,0.4093066964338862,1.6459300327629691
2024-06-25T04:00:00Z,69.57,-138.91,0.3198626969033777,1.8846609794439713
2024-06-25T05:00:00Z,69.57,-138.91,0.2370319842441481,2.1192238351871358
2024-06-25T06:00:00Z,69.57,-138.91,0.16529548660092125,2.3532013722201786
2024-06-25T07:00:00Z,69.57,-138.91,0.10861186054371348,2.5888150691810923
2024-06-25T08:00:00Z,69.57,-138.91,0.07026457785808124,2.8268564335550432
2024-06-25T09:00:00Z,69.57,-138.91,0.05259411766262217,3.0668174647806943
2024-06-25T10:00:00Z,69.57,-138.91,0.05671890494738143,-2.9758860459894865
2024-06-25T11:00:00Z,69.57,-138.91,0.08237436981563562,-2.736513886453979
2024-06-25T12:00:00Z,69.57,-138.91,0.1279525292223981,-2.4993806557259743
2024-06-25T13:00:00Z,69.57,-138.91,0.19072131532149672,-2.264536188804146
2024-06-25T14:00:00Z,69.57,-138.91,0.2671144505779125,-2.030652107195955
2024-06-25T15:00:00Z,69.57,-138.91,0.35296497831269397,-1.7949777173788914
2024-06-25T16:00:00Z,69.57,-138.91,0.4436005752985928,-1.5534645583731206
2024-06-25T17:00:00Z,69.57,-138.91,0.5337866714333575,-1.3010519747603861
2024-06-25T18:00:00Z,69.57,-138.91,0.6175808653773076,-1.0323004398597397
2024-06-25T19:00:00Z,69.57,-138.91,0.6882787105388793,-0.7427832495003576
2024-06-25T20:00:00Z,69.57,-138.91,0.7388018336729223,-0.4315667853215942
2024-06-25T21:00:00Z,69.57,-138.91,0.7629304057832582,-0.10399365117679811
2024-06-25T22:00:00Z,69.57,-138.91,0.7572491911515719,0.2280339352367921
2024-06-25T23:00:00Z,69.57,-138.91,0.7225886048945447,0.5505497471301926
2024-06-26T00:00:00Z,69.57,-138.91,0.6636490789798373,0.8538494573505264
2024-06-26T01:00:00Z,69.57,-138.91,0.5871762452733755,1.135196120903708
2024-06-26T02:00:00Z,69.57,-138.91,0.5001993655010605,1.3971869274529582
2024-06-26T03:00:00Z,69.57,-138.91,0.40914781614220336,1.64486145914403
2024-06-26T04:00:00Z,69.57,-138.91,0.31968063738278957,1.8836300774487373
2024-06-26T05:00:00Z,69.57,-138.91,0.2368065290477732,2.1182239577530684
2024-06-26T06:00:00Z,69.57,-138.91,0.1650097661093711,2.35222974571945
2024-06-26T07:00:00Z,69.57,-138.91,0.1082529387093748,2.587873555669023
2024-06-26T08:00:00Z,69.57,-138.91,0.06982429481675553,2.8259509970678227
2024-06-26T09:00:00Z,69.57,-138.91,0.052069810485904554,3.0659563128328697
2024-06-26T10:00:00Z,69.57,-138.91,0.056113521865038395,-2.9766953005841845
2024-06-26T11:00:00Z,69.57,-138.91,0.081695699389388,-2.737267151824428
2024-06-26T12:00:00Z,69.57,-138.91,0.12721170850415897,-2.500079382117021
2024-06-26T13:00:00Z,69.57,-138.91,0.18993114804772906,-2.2651880762128656
2024-06-26T14:00:00Z,69.57,-138.91,0.266288106697182,-2.031270889505409
2024-06-26T15:00:00Z,69.57,-138.91,0.35211541991070494,-1.7955827888662899
2024-06-26T16:00:00Z,69.57,-138.91,0.4427407992732718,-1.554080987956997
2024-06-26T17:00:00Z,69.57,-138.91,0.5329307064585941,-1.3017107673815884
2024-06-26T18:00:00Z,69.57,-138.91,0.6167453065001676,-1.0330377372525952
2024-06-26T19:00:00Z,69.57,-138.91,0.6874841166774106,-0.7436355259894527
2024-06-26T20:00:00Z,69.57,-138.91,0.738072324352542,-0.4325586829810299
2024-06-26T21:00:00Z,69.57,-138.91,0.7622891623030809,-0.10512099034606502
2024-06-26T22:00:00Z,69.57,-138.91,0.7567100432148728,0.22681097408132403
2024-06-26T23:00:00Z,69.57,-138.91,0.722149313557358,0.5492898650584097
2024-06-27T00:00:00Z,69.57,-138.91,0.6632921047835498,0.852602957182543
2024-06-27T01:00:00Z,69.57,-138.91,0.5868752830580093,1.1339909577624567
2024-06-27T02:00:00Z,69.57,-138.91,0.49992587435503716,1.3960314521402186
2024-06-27T03:00:00Z,69.57,-138.91,0.4088747357493712,1.6437531783955972
2024-06-27T04:00:00Z,69.57,-138.91,0.31938380372898445,1.8825630883169282
2024-06-27T05:00:00Z,69.57,-138.91,0.2364651134701676,2.117193556059893
2024-06-27T06:00:00Z,69.57,-138.91,0.16460663995934113,2.3512348498206634
2024-06-27T07:00:00Z,69.57,-138.91,0.10777531449566462,2.586917536367353
2024-06-27T08:00:00Z,69.57,-138.91,0.06926455860096985,2.8250410497962064
2024-06-27T09:00:00Z,69.57,-138.91,0.05142614942919302,3.065101417659121
2024-06-27T10:00:00Z,69.57,-138.91,0.055389862552389896,-2.977487373390606
2024-06-27T11:00:00Z,69.57,-138.91,0.08090071602081064,-2.737992794264914
2024-06-27T12:00:00Z,69.57,-138.91,0.12635712883066053,-2.500741038806346
2024-06-27T13:00:00Z,69.57,-138.91,0.1890299414176355,-2.265794737172327
2024-06-27T14:00:00Z,69.57,-138.91,0.26535314069649774,-2.0318376940615925
2024-06-27T15:00:00Z,69.57,-138.91,0.35115891283958983,-1.7961306046628664
2024-06-27T16:00:00Z,69.57,-138.91,0.4417746365831969,-1.5546365635811856
2024-06-27T17:00:00Z,69.57,-138.91,0.5319675590642454,-1.3023073384973967
2024-06-27T18:00:00Z,69.57,-138.91,0.615800371165108,-1.0337147404813456
2024-06-27T19:00:00Z,69.57,-138.91,0.6865768593742698,-0.7444342449299037
2024-06-27T20:00:00Z,69.57,-138.91,0.7372265486472028,-0.4335098335290277
2024-06-27T21:00:00Z,69.57,-138.91,0.761528860160959,-0.10622597767902449
2024-06-27T22:00:00Z,69.57,-138.91,0.7560507637259575,0.22558967938708394
2024-06-27T23:00:00Z,69.57,-138.91,0.7215905929885637,0.5480133241192849
2024-06-28T00:00:00Z,69.57,-138.91,0.6628174132296154,0.8513268906227937
2024-06-28T01:00:00Z,69.57,-138.91,0.5864583639807163,1.1327491421482545
2024-06-28T02:00:00Z,69.57,-138.91,0.49953757747367755,1.3948369520348134
2024-06-28T03:00:00Z,69.57,-138.91,0.4084871359060856,1.6426069134652328
2024-06-28T04:00:00Z,69.57,-138.91,0.31897191856060364,1.8814616421433292
2024-06-28T05:00:00Z,69.57,-138.91,0.23600753117000817,2.1161341958329185
2024-06-28T06:00:00Z,69.57,-138.91,0.16408599613406266,2.350218206331864
2024-06-28T07:00:00Z,69.57,-138.91,0.10717898831808452,2.585948501337631
2024-06-28T08:00:00Z,69.57,-138.91,0.06858549465796296,2.82412805526037
2024-06-28T09:00:00Z,69.57,-138.91,0.050663391529742356,3.0642542156507258
2024-06-28T10:00:00Z,69.57,-138.91,0.05454831554671752,-2.9782608592923623
2024-06-28T11:00:00Z,69.57,-138.91,0.07998993287594254,-2.738689444707063
2024-06-28T12:00:00Z,69.57,-138.91,0.12538941492820202,-2.5013642948456587
2024-06-28T13:00:00Z,69.57,-138.91,0.18801841373659292,-2.2663548749544615
2024-06-28T14:00:00Z,69.57,-138.91,0.2643103430323693,-2.0323512461965403
2024-06-28T15:00:00Z,69.57,-138.91,0.35009629600018416,-1.7966198897460872
2024-06-28T16:00:00Z,69.57,-138.91,0.4407029487032752,-1.5551299756208599
2024-06-28T17:00:00Z,69.57,-138.91,0.5308980843166754,-1.3028402955227363
2024-06-28T18:00:00Z,69.57,-138.91,0.6147468734865525,-1.0343299116176503
2024-06-28T19:00:00Z,69.57,-138.91,0.6855576690122438,-0.7451776548590893
2024-06-28T20:00:00Z,69.57,-138.91,0.7362651025518538,-0.4344182262218157
2024-06-28T21:00:00Z,69.57,-138.91,0.7606499123734441,-0.10730636617075037
2024-06-28T22:00:00Z,69.57,-138.91,0.755271556779817,0.2243724218942556
2024-06-28T23:00:00Z,69.57,-138.91,0.7209124507627237,0.546722468075703
2024-06-29T00:00:00Z,69.57,-138.91,0.662224860200762,0.8500234655528163
2024-06-29T01:00:00Z,69.57,-138.91,0.5859252496520252,1.1314727078818514
2024-06-29T02:00:00Z,69.57,-138.91,0.49903419654380476,1.3936052982979303
2024-06-29T03:00:00Z,69.57,-138.91,0.40798474378601046,1.6414244043978898
2024-06-29T04:00:00Z,69.57,-138.91,0.3184447510158509,1.8803273814419688
2024-06-29T05:00:00Z,69.57,-138.91,0.2354336223855151,2.1150474502031957
2024-06-29T06:00:00Z,69.57,-138.91,0.16344776920040707,2.3491813392410856
2024-06-29T07:00:00Z,69.57,-138.91,0.1064640068567251,2.5849679380145814
2024-06-29T08:00:00Z,69.57,-138.91,0.06778727408672057,2.8232134696635103
2024-06-29T09:00:00Z,69.57,-138.91,0.049781838517273795,3.063416131414807
2024-06-29T10:00:00Z,69.57,-138.91,0.05358931278935649,-2.979014369538339
2024-06-29T11:00:00Z,69.57,-138.91,0.07896390491307576,-2.7393557553008083
2024-06-29T12:00:00Z,69.57,-138.91,0.12430923140654498,-2.501947845833108
2024-06-29T13:00:00Z,69.57,-138.91,0.18689732106190132,-2.266867225282559
2024-06-29T14:00:00Z,69.57,-138.91,0.2631605397470311,-2.032810310138472
2024-06-29T15:00:00Z,69.57,-138.91,0.348928441920853,-1.7970494150771885
2024-06-29T16:00:00Z,69.57,-138.91,0.4395266294842467,-1.555559967779441
2024-06-29T17:00:00Z,69.57,-138.91,0.5297231695084937,-1.303308306606336
2024-06-29T18:00:00Z,69.57,-138.91,0.6135856613400147,-1.034881779405631
2024-06-29T19:00:00Z,69.57,-138.91,0.6844273131556963,-0.7458640729380464
2024-06-29T20:00:00Z,69.57,-138.91,0.7351886241517148,-0.4352819128756443
2024-06-29T21:00:00Z,69.57,-138.91,0.7596527789655502,-0.10835995514956608
2024-06-29T22:00:00Z,69.57,-138.91,0.7543726766025667,0.22316154874247648
2024-06-29T23:00:00Z,69.57,-138.91,0.72011494525154,0.5454196382008144
2024-06-30T00:00:00Z,69.57,-138.91,0.6615143514436724,0.8486949009218508
2024-06-30T01:00:00Z,69.57,-138.91,0.5852757502402721,1.130163705520527
2024-06-30T02:00:00Z,69.57,-138.91,0.498415500864765,1.3923383789798593
2024-06-30T03:00:00Z,69.57,-138.91,0.40736733371213996,1.640207405269969
2024-06-30T04:00:00Z,69.57,-138.91,0.3178021172377655,1.879161958478307
2024-06-30T05:00:00Z,69.57,-138.91,0.23474327430912523,2.113934897177322
2024-06-30T06:00:00Z,69.57,-138.91,0.16269194046005855,2.3481257725678
2024-06-30T07:00:00Z,69.57,-138.91,0.10563046307789778,2.5839773290297403
2024-06-30T08:00:00Z,69.57,-138.91,0.0668701134722793,2.8222987398830663
2024-06-30T09:00:00Z,69.57,-138.91,0.04878183647367123,3.0625885757847087
2024-06-30T10:00:00Z,69.57,-138.91,0.05251332911074952,-2.9797465335446605
2024-06-30T11:00:00Z,69.57,-138.91,0.07782322819400188,-2.7399904011975975
2024-06-30T12:00:00Z,69.57,-138.91,0.12311728190335815,-2.5024904156555996
2024-06-30T13:00:00Z,69.57,-138.91,0.18566745617768213,-2.2673305580823464
2024-06-30T14:00:00Z,69.57,-138.91,0.2619045912951221,-2.0332136907556846
2024-06-30T15:00:00Z,69.57,-138.91,0.347656255522013,-1.7974179991931936
2024-06-30T16:00:00Z,69.57,-138.91,0.4382466037873296,-1.55592533884184
2024-06-30T17:00:00Z,69.57,-138.91,0.5284437327568882,-1.303710102487301
2024-06-30T18:00:00Z,69.57,-138.91,0.6123176149053892,-1.035368941616932
2024-06-30T19:00:00Z,69.57,-138.91,0.6831865951829762,-0.7464918878529828
2024-06-30T20:00:00Z,69.57,-138.91,0.7339977924356412,-0.4360990117512001
2024-06-30T21:00:00Z,69.57,-138.91,0.7585379661407199,-0.10938459507334955
2024-06-30T22:00:00Z,69.57,-138.91,0.7533544271875794,0.22195937812104027
2024-06-30T23:00:00Z,69.57,-138.91,0.7191981857107781,0.5441071680114195
2024-07-01T00:00:00Z,69.57,-138.91,0.6606858429672655,0.8473434220518873
2024-07-01T01:00:00Z,69.57,-138.91,0.5845097250359522,1.1288241982923626
2024-07-01T02:00:00Z,69.57,-138.91,0.4976813079371061,1.3910380955518986
2024-07-01T03:00:00Z,69.57,-138.91,0.40663472770768944,1.6389576811217053
2024-07-01T04:00:00Z,69.57,-138.91,0.3170438807998472,1.8779670325775955
2024-07-01T05:00:00Z,69.57,-138.91,0.23393642136168152,2.1127981172250587
2024-07-01T06:00:00Z,69.57,-138.91,0.1618185380947308,2.3470530280370645
2024-07-01T07:00:00Z,69.57,-138.91,0.10467849619004287,2.58297815010987
2024-07-01T08:00:00Z,69.57,-138.91,0.06583427466619582,2.8213853015137818
2024-07-01T09:00:00Z,69.57,-138.91,0.04766377543998273,3.0617729440456936
2024-07-01T10:00:00Z,69.57,-138.91,0.05132088166770345,-2.98045600071919
2024-07-01T11:00:00Z,69.57,-138.91,0.07656853916058845,-2.7405920822459633
2024-07-01T12:00:00Z,69.57,-138.91,0.12181430819338317,-2.502990758165393
2024-07-01T13:00:00Z,69.57,-138.91,0.1843296475802446,-2.2677436790176273
2024-07-01T14:00:00Z,69.57,-138.91,0.2605433913925988,-2.0335602350693995
2024-07-01T15:00:00Z,69.57,-138.91,0.3462806728153561,-1.7977245098045815
2024-07-01T16:00:00Z,69.57,-138.91,0.43686382609930424,-1.556224944297404
2024-07-01T17:00:00Z,69.57,-138.91,0.5270607215519976,-1.3040444782861076
2024-07-01T18:00:00Z,69.57,-138.91,0.6109436452219175,-1.03579006709693
2024-07-01T19:00:00Z,69.57,-138.91,0.6818363528795383,-0.7470595625356242
2024-07-01T20:00:00Z,69.57,-138.91,0.7326933260777861,-0.4368677110733459
2024-07-01T21:00:00Z,69.57,-138.91,0.7573060253823513,-0.11037819214836098
2024-07-01T22:00:00Z,69.57,-138.91,0.7522171618450564,0.220768194111982
2024-07-01T23:00:00Z,69.57,-138.91,0.7181623322726439,0.5427873781009639
2024-07-02T00:00:00Z,69.57,-138.91,0.6597393413568661,0.8459712559436026
2024-07-02T01:00:00Z,69.57,-138.91,0.5836270829499857,1.1274562579699634
2024-07-02T02:00:00Z,69.57,-138.91,0.4968314839898654,1.3897063593838115
2024-07-02T03:00:00Z,69.57,-138.91,0.4057867959347883,1.6376770049910332
2024-07-02T04:00:00Z,69.57,-138.91,0.316169953078608,1.8767442673969412
2024-07-02T05:00:00Z,69.57,-138.91,0.23301304542231002,2.111638690821935
2024-07-02T06:00:00Z,69.57,-138.91,0.1608276372369276,2.3459646228294986
2024-07-02T07:00:00Z,69.57,-138.91,0.10360829154236981,2.5819718680153576
2024-07-02T08:00:00Z,69.57,-138.91,0.06468006452674899,2.8204745768602217
2024-07-02T09:00:00Z,69.57,-138.91,0.04642808898161385,3.0609706140518136
2024-07-02T10:00:00Z,69.57,-138.91,0.050012529340169413,-2.9811414422117997
2024-07-02T11:00:00Z,69.57,-138.91,0.07520051386752868,-2.741159524669541
2024-07-02T12:00:00Z,69.57,-138.91,0.12040108927823508,-2.5034476587293644
2024-07-02T13:00:00Z,69.57,-138.91,0.18288475840819557,-2.2681054310361426
2024-07-02T14:00:00Z,69.57,-138.91,0.25907786581804415,-2.0338488337422302
2024-07-02T15:00:00Z,69.57,-138.91,0.3448026595979821,-1.7979678652452258
2024-07-02T16:00:00Z,69.57,-138.91,0.43537927914705826,-1.556457697790521
2024-07-02T17:00:00Z,69.57,-138.91,0.5255751112889485,-1.304310295142266
2024-07-02T18:00:00Z,69.57,-138.91,0.6094646927115541,-1.0361438976702668
2024-07-02T19:00:00Z,69.57,-138.91,0.6803774569967196,-0.7475656366975538
2024-07-02T20:00:00Z,69.57,-138.91,0.7312759821572661,-0.43758627247035886
2024-07-02T21:00:00Z,69.57,-138.91,0.7559575524939628,-0.11133871266253467
2024-07-02T22:00:00Z,69.57,-138.91,0.7509612826744053,0.21959024163676275
2024-07-02T23:00:00Z,69.57,-138.91,0.7170075958561926,0.541462571014496
2024-07-03T00:00:00Z,69.57,-138.91,0.6586749040263216,0.8445806265037366
2024-07-03T01:00:00Z,69.57,-138.91,0.5826277828942044,1.1260619608639741
2024-07-03T02:00:00Z,69.57,-138.91,0.4958659444402258,1.3883450881924393
2024-07-03T03:00:00Z,69.57,-138.91,0.40482345713403267,1.6363671547548349
2024-07-03T04:00:00Z,69.57,-138.91,0.315180293572372,1.8754953281687237
2024-07-03T05:00:00Z,69.57,-138.91,0.23197317600721945,2.1104581959728215
2024-07-03T06:00:00Z,69.57,-138.91,0.15971935998263398,2.344862067354095
2024-07-03T07:00:00Z,69.57,-138.91,0.10242008048428716,2.5809599384378874
2024-07-03T08:00:00Z,69.57,-138.91,0.06340783459755345,2.8195679730695455
2024-07-03T09:00:00Z,69.57,-138.91,0.04507525370858757,3.0601829443916317
2024-07-03T10:00:00Z,69.57,-138.91,0.04858887209162575,-2.9818015525467176
2024-07-03T11:00:00Z,69.57,-138.91,0.0737198671804186,-2.7416914826781373
2024-07-03T12:00:00Z,69.57,-138.91,0.11887844042877255,-2.503859935779639
2024-07-03T13:00:00Z,69.57,-138.91,0.181333685351214,-2.2684146958193936
2024-07-03T14:00:00Z,69.57,-138.91,0.25750897121258665,-2.034078422416789
2024-07-03T15:00:00Z,69.57,-138.91,0.3432232101523529,-1.798147035753523
2024-07-03T16:00:00Z,69.57,-138.91,0.4337939725001465,-1.5566225724390004
2024-07-03T17:00:00Z,69.57,-138.91,0.5239879038368366,-1.304506481553743
2024-07-03T18:00:00Z,69.57,-138.91,0.6078817256820072,-1.036429249880894
2024-07-03T19:00:00Z,69.57,-138.91,0.6788108098143157,-0.7480087290165275
2024-07-03T20:00:00Z,69.57,-138.91,0.7297465548467662,-0.43825303411035793
2024-07-03T21:00:00Z,69.57,-138.91,0.7544931865794634,-0.11226418711974216
2024-07-03T22:00:00Z,69.57,-138.91,0.7495872399620938,0.21842772152662407
2024-07-03T23:00:00Z,69.57,-138.91,0.7157342379848747,0.5401350262649104
2024-07-04T00:00:00Z,69.57,-138.91,0.6574926393430466,0.8431737499886348
2024-07-04T01:00:00Z,69.57,-138.91,0.5815118341348418,1.1246433836499667
2024-07-04T02:00:00Z,69.57,-138.91,0.4947846542618642,1.386956202537117
2024-07-04T03:00:00Z,69.57,-138.91,0.40374467895746763,1.6350299100704715
2024-07-04T04:00:00Z,69.57,-138.91,0.31407491011969924,1.8742218790483238
2024-07-04T05:00:00Z,69.57,-138.91,0.23081689037983874,2.1092582057754856
2024-07-04T06:00:00Z,69.57,-138.91,0.15849387534975073,2.3437468630368565
2024-07-04T07:00:00Z,69.57,-138.91,0.1011141401607641,2.579943803987932
2024-07-04T08:00:00Z,69.57,-138.91,0.062017980747146075,2.8186668802295194
2024-07-04T09:00:00Z,69.57,-138.91,0.04360578874940096,3.05941127270085
2024-07-04T10:00:00Z,69.57,-138.91,0.04705055028304929,-2.9824350513273177
2024-07-04T11:00:00Z,69.57,-138.91,0.07212735194804815,-2.7421867399620687
2024-07-04T12:00:00Z,69.57,-138.91,0.11724721220696616,-2.5042264422578713
2024-07-04T13:00:00Z,69.57,-138.91,0.1796773575442997,-2.2686703951211387
2024-07-04T14:00:00Z,69.57,-138.91,0.2558376938226664,-2.034247983072203
2024-07-04T15:00:00Z,69.57,-138.91,0.341543345911069,-1.7982610447025082
2024-07-04T16:00:00Z,69.57,-138.91,0.43210894116031595,-1.556718602033213
2024-07-04T17:00:00Z,69.57,-138.91,0.5223001260608379,-1.304632034677159
2024-07-04T18:00:00Z,69.57,-138.91,0.606195738851573,-1.0366450164344332
2024-07-04T19:00:00Z,69.57,-138.91,0.677137343679413,-0.7483875391302293
2024-07-04T20:00:00Z,69.57,-138.91,0.728105874083138,-0.43886641346563554
2024-07-04T21:00:00Z,69.57,-138.91,0.7529136089685243,-0.11315271415183462
2024-07-04T22:00:00Z,69.57,-138.91,0.7480955314966373,0.21728278592761857
2024-07-04T23:00:00Z,69.57,-138.91,0.7143425705361474,0.5388069953543431
2024-07-05T00:00:00Z,69.57,-138.91,0.656192706703872,0.8417528303496037
2024-07-05T01:00:00Z,69.57,-138.91,0.5802792965332031,1.1232025993231185
2024-07-05T02:00:00Z,69.57,-138.91,0.49358762828848296,1.3855416222967865
2024-07-05T03:00:00Z,69.57,-138.91,0.4025504782372278,1.6336670493133318
2024-07-05T04:00:00Z,69.57,-138.91,0.3128538591065076,1.8729255803317626
2024-07-05T05:00:00Z,69.57,-138.91,0.22954431360080652,2.108040286005469
2024-07-05T06:00:00Z,69.57,-138.91,0.1571513992008694,2.3426205000663054
2024-07-05T07:00:00Z,69.57,-138.91,0.09969079326584974,2.578924892172211
2024-07-05T08:00:00Z,69.57,-138.91,0.060510942762782,2.8177726695032566
2024-07-05T09:00:00Z,69.57,-138.91,0.0420202551860711,3.0586569139253164
2024-07-05T10:00:00Z,69.57,-138.91,0.04539824395354079,-2.9830406848289224
2024-07-05T11:00:00Z,69.57,-138.91,0.07042375812967698,-2.7426441112125555
2024-07-05T12:00:00Z,69.57,-138.91,0.11550828946830063,-2.5045460669567428
2024-07-05T13:00:00Z,69.57,-138.91,0.17791673543294195,-2.2688714920508324
2024-07-05T14:00:00Z,69.57,-138.91,0.2540650482957297,-2.034356545090355
2024-07-05T15:00:00Z,69.57,-138.91,0.3397641141100246,-1.7983089697249153
2024-07-05T16:00:00Z,69.57,-138.91,0.43032524415477513,-1.556744882081176
2024-07-05T17:00:00Z,69.57,-138.91,0.5205128283608431,-1.3046860214155218
2024-07-05T18:00:00Z,69.57,-138.91,0.6044077518634736,-1.0367901674736906
2024-07-05T19:00:00Z,69.57,-138.91,0.6753580195199724,-0.7487008494682958
2024-07-05T20:00:00Z,69.57,-138.91,0.7263548041997081,-0.43942490991178534
2024-07-05T21:00:00Z,69.57,-138.91,0.7512195420956836,-0.11400246407627342
2024-07-05T22:00:00Z,69.57,-138.91,0.7464867018213887,0.21615753377559352
2024-07-05T23:00:00Z,69.57,-138.91,0.7128329553894165,0.5374806970565931
2024-07-06T00:00:00Z,69.57,-138.91,0.6547753165237443,0.8403200546616122
2024-07-06T01:00:00Z,69.57,-138.91,0.5789302807095693,1.1217416731760639
2024-07-06T02:00:00Z,69.57,-138.91,0.49227493147650303,1.3841032630711076
2024-07-06T03:00:00Z,69.57,-138.91,0.4012409211865135,1.6322803465278928
2024-07-06T04:00:00Z,69.57,-138.91,0.311517245571792,1.8716080857952904
2024-07-06T05:00:00Z,69.57,-138.91,0.2281556185221484,2.10680599271705
2024-07-06T06:00:00Z,69.57,-138.91,0.15569219407423243,2.3414844553051397
2024-07-06T07:00:00Z,69.57,-138.91,0.09815040774025745,2.5779046134396335
2024-07-06T08:00:00Z,69.57,-138.91,0.0588872038939169,2.816886691352694
2024-07-06T09:00:00Z,69.57,-138.91,0.04031925544912839,3.0579211586394917
2024-07-06T10:00:00Z,69.57,-138.91,0.04363267207106396,-2.9836172274484207
2024-07-06T11:00:00Z,69.57,-138.91,0.0686099118974094,-2.743062443545065
2024-07-06T12:00:00Z,69.57,-138.91,0.1136625903264282,-2.5048177358477113
2024-07-06T13:00:00Z,69.57,-138.91,0.17605280962030928,-2.2690169922735453
2024-07-06T14:00:00Z,69.57,-138.91,0.2521920764029839,-2.0344031864015797
2024-07-06T15:00:00Z,69.57,-138.91,0.337886586475908,-1.798289943619515
2024-07-06T16:00:00Z,69.57,-138.91,0.4284439631399504,-1.5567005706921895
2024-07-06T17:00:00Z,69.57,-138.91,0.5186270832237146,-1.304667579315024
2024-07-06T18:00:00Z,69.57,-138.91,0.6025188077816389,-1.0368637517333523
2024-07-06T19:00:00Z,69.57,-138.91,0.6734738253955692,-0.7489475266466302
2024-07-06T20:00:00Z,69.57,-138.91,0.7244942425333161,-0.43992710709364563
2024-07-06T21:00:00Z,69.57,-138.91,0.7494117483324346,-0.11481168228078363
2024-07-06T22:00:00Z,69.57,-138.91,0.744761341419924,0.21505400650512127
2024-07-06T23:00:00Z,69.57,-138.91,0.7112058040056711,0.5361583127715676
2024-07-07T00:00:00Z,69.57,-138.91,0.6532407301262804,0.838877588703148
2024-07-07T01:00:00Z,69.57,-138.91,0.5774649481436771,1.1202626587710833
2024-07-07T02:00:00Z,69.57,-138.91,0.49084667902887014,1.382643032794841
2024-07-07T03:00:00Z,69.57,-138.91,0.39981612356004576,1.630871568329186
2024-07-07T04:00:00Z,69.57,-138.91,0.3100652232623186,1.870271040028452
2024-07-07T05:00:00Z,69.57,-138.91,0.22665102573859008,2.105556869829252
2024-07-07T06:00:00Z,69.57,-138.91,0.15411656899607082,2.3403401901138636
2024-07-07T07:00:00Z,69.57,-138.91,0.09649339643156657,2.5768843592162107
2024-07-07T08:00:00Z,69.57,-138.91,0.05714729035643793,2.8160102737764396
2024-07-07T09:00:00Z,69.57,-138.91,0.038503432672235514,3.0572052714858415
2024-07-07T10:00:00Z,69.57,-138.91,0.04175459174228738,-2.984163483227428
2024-07-07T11:00:00Z,69.57,-138.91,0.06668667472422009,-2.743440617768374
2024-07-07T12:00:00Z,69.57,-138.91,0.11171106510278721,-2.505040413306332
2024-07-07T13:00:00Z,69.57,-138.91,0.17408659971525375,-2.26910594507144
2024-07-07T14:00:00Z,69.57,-138.91,0.2502198457837122,-2.0343870344470694
2024-07-07T15:00:00Z,69.57,-138.91,0.3359118578653918,-1.7982031552689344
2024-07-07T16:00:00Z,69.57,-138.91,0.42646620097684784,-1.5565848894146335
2024-07-07T17:00:00Z,69.57,-138.91,0.5166439837669556,-1.3045759173502087
2024-07-07T18:00:00Z,69.57,-138.91,0.6005299716406787,-1.0368648973348997
2024-07-07T19:00:00Z,69.57,-138.91,0.6714857750078101,-0.7491265228222411
2024-07-07T20:00:00Z,69.57,-138.91,0.7225251180377705,-0.44037167484104206
2024-07-07T21:00:00Z,69.57,-138.91,0.7474910287808163,-0.11557869231398038
2024-07-07T22:00:00Z,69.57,-138.91,0.7429200858320674,0.21397418410917524
2024-07-07T23:00:00Z,69.57,-138.91,0.7094615769356092,0.5348419820065595
2024-07-08T00:00:00Z,69.57,-138.91,0.6515892595615936,0.8374275726008006
2024-07-08T01:00:00Z,69.57,-138.91,0.5758835111929436,1.1187675939834822
2024-07-08T02:00:00Z,69.57,-138.91,0.4893030364965132,1.381162828247086
2024-07-08T03:00:00Z,69.57,-138.91,0.3982762506947475,1.6294424709755533
2024-07-08T04:00:00Z,69.57,-138.91,0.30849799462385713,1.868916075803323
2024-07-08T05:00:00Z,69.57,-138.91,0.22503080345024373,2.1042944468422666
2024-07-08T06:00:00Z,69.57,-138.91,0.15242487922921327,2.339189148257107
2024-07-08T07:00:00Z,69.57,-138.91,0.09472021668786955,2.5758655000808504
2024-07-08T08:00:00Z,69.57,-138.91,0.055291770794829644,2.8151447206011913
2024-07-08T09:00:00Z,69.57,-138.91,0.036573470011889056,3.056510489626438
2024-07-08T10:00:00Z,69.57,-138.91,0.03976479739429881,-2.984678287270243
2024-07-08T11:00:00Z,69.57,-138.91,0.06465494242777331,-2.743777549714835
2024-07-08T12:00:00Z,69.57,-138.91,0.109654695265692,-2.5052131032249787
2024-07-08T13:00:00Z,69.57,-138.91,0.17201915315360286,-2.2691374443683814
2024-07-08T14:00:00Z,69.57,-138.91,0.24814944868777744,-2.0343072670340576
2024-07-08T15:00:00Z,69.57,-138.91,0.3338410449344173,-1.7980478503691601
2024-07-08T16:00:00Z,69.57,-138.91,0.42439308036632256,-1.5563971238018135
2024-07-08T17:00:00Z,69.57,-138.91,0.5145646423102822,-1.30441031650392
2024-07-08T18:00:00Z,69.57,-138.91,0.5984423289742477,-1.036792812507589
2024-07-08T19:00:00Z,69.57,-138.91,0.6693949062362391,-0.7492368767169215
2024-07-08T20:00:00Z,69.57,-138.91,0.7204483898682524,-0.44075737096754625
2024-07-08T21:00:00Z,69.57,-138.91,0.7454582220360642,-0.11630189860854757
2024-07-08T22:00:00Z,69.57,-138.91,0.7409636147190328,0.212919981328338
2024-07-08T23:00:00Z,69.57,-138.91,0.707600783232869,0.5335337981776266
2024-07-09T00:00:00Z,69.57,-138.91,0.6498212673557866,0.8359721165414254
2024-07-09T01:00:00Z,69.57,-138.91,0.5741862330101478,1.1172584971933672
2024-07-09T02:00:00Z,69.57,-138.91,0.4876442198094682,1.3796645316038758
2024-07-09T03:00:00Z,69.57,-138.91,0.3966215175290022,1.6279947973613966
2024-07-09T04:00:00Z,69.57,-138.91,0.306815810757602,1.867544811411076
2024-07-09T05:00:00Z,69.57,-138.91,0.22329526729325955,2.1030202365237187
2024-07-09T06:00:00Z,69.57,-138.91,0.1506175259619824,2.338032753887468
2024-07-09T07:00:00Z,69.57,-138.91,0.0928313699266203,2.5748493838908506
2024-07-09T08:00:00Z,69.57,-138.91,0.05332125570214333,2.8142913098463658
2024-07-09T09:00:00Z,69.57,-138.91,0.034530089933885066,3.0558380212188814
2024-07-09T10:00:00Z,69.57,-138.91,0.037664119931255846,-2.9851605070379983
2024-07-09T11:00:00Z,69.57,-138.91,0.06251564419851749,-2.744072191454665
2024-07-09T12:00:00Z,69.57,-138.91,0.10749449234561743,-2.5053348500816743
2024-07-09T13:00:00Z,69.57,-138.91,0.16985154400798919,-2.2691106296755725
2024-07-09T14:00:00Z,69.57,-138.91,0.24598200070202741,-2.0341631131336766
2024-07-09T15:00:00Z,69.57,-138.91,0.3316752848121407,-1.7978233320485615
2024-07-09T16:00:00Z,69.57,-138.91,0.4222257424546729,-1.556136623957983
2024-07-09T17:00:00Z,69.57,-138.91,0.512390188960297,-1.3041701301997826
2024-07-09T18:00:00Z,69.57,-138.91,0.5962569843595501,-1.0366467861201323
2024-07-09T19:00:00Z,69.57,-138.91,0.6672022796966893,-0.7492777143516458
2024-07-09T20:00:00Z,69.57,-138.91,0.7182650459618329,-0.44108304278949495
2024-07-09T21:00:00Z,69.57,-138.91,0.7433142029184525,-0.11697978899363025
2024-07-09T22:00:00Z,69.57,-138.91,0.7388926508751592,0.21189324409401303
2024-07-09T23:00:00Z,69.57,-138.91,0.7056239798189988,0.5322358044538807
2024-07-10T00:00:00Z,69.57,-138.91,0.6479371661611772,0.8345132967088157
2024-07-10T01:00:00Z,69.57,-138.91,0.5723734274130958,1.1157373634693437
2024-07-10T02:00:00Z,69.57,-138.91,0.4858704951848664,1.3781500071971875
2024-07-10T03:00:00Z,69.57,-138.91,0.39485218853636916,1.6265302741108614
2024-07-10T04:00:00Z,69.57,-138.91,0.3050189712468176,1.8661588482330678
2024-07-10T05:00:00Z,69.57,-138.91,0.2214447801167163,2.101735732639023
2024-07-10T06:00:00Z,69.57,-138.91,0.148694955961523,2.336872409529919
2024-07-10T07:00:00Z,69.57,-138.91,0.09082740115100126,2.5738373340029934
2024-07-10T08:00:00Z,69.57,-138.91,0.051236396807202635,2.8134512921016075
2024-07-10T09:00:00Z,69.57,-138.91,0.03237405346503474,3.0551890440300205
2024-07-10T10:00:00Z,69.57,-138.91,0.03545342586125093,-2.9856090436345535
2024-07-10T11:00:00Z,69.57,-138.91,0.06026974161985119,-2.744323532356035
2024-07-10T12:00:00Z,69.57,-138.91,0.10523149683004138,-2.505404739961219
2024-07-10T13:00:00Z,69.57,-138.91,0.16758487180555845,-2.2690246869026587
2024-07-10T14:00:00Z,69.57,-138.91,0.24371863948752862,-2.033953853553769
2024-07-10T15:00:00Z,69.57,-138.91,0.32941573377887756,-1.7975289613879464
2024-07-10T16:00:00Z,69.57,-138.91,0.4199653454649961,-1.5558028049270565
2024-07-10T17:00:00Z,69.57,-138.91,0.5101217702154527,-1.3038547845800044
2024-07-10T18:00:00Z,69.57,-138.91,0.5939750600137925,-1.0364261879160717
2024-07-10T19:00:00Z,69.57,-138.91,0.6649089772891333,-0.7492482496742904
2024-07-10T20:00:00Z,69.57,-138.91,0.7159761016348163,-0.44134762823964585
2024-07-10T21:00:00Z,69.57,-138.91,0.7410598811811113,-0.11761093694282773
2024-07-10T22:00:00Z,69.57,-138.91,0.7367079591840453,0.21089574635747912
2024-07-10T23:00:00Z,69.57,-138.91,0.7035317707719223,0.5309499898716696
2024-07-11T00:00:00Z,69.57,-138.91,0.6459374183480937,0.8330531512930691
2024-07-11T01:00:00Z,69.57,-138.91,0.5704454586811748,1.114206160844082
2024-07-11T02:00:00Z,69.57,-138.91,0.4839821790209891,1.3766210981837823
2024-07-11T03:00:00Z,69.57,-138.91,0.3929685775962762,1.625050608724328
2024-07-11T04:00:00Z,69.57,-138.91,0.3031078240013514,1.8647597681558439
2024-07-11T05:00:00Z,69.57,-138.91,0.21947975168817327,2.1004424077875297
2024-07-11T06:00:00Z,69.57,-138.91,0.14665766117738144,2.3357094941274474
2024-07-11T07:00:00Z,69.57,-138.91,0.08870889842152162,2.5728306475648597
2024-07-11T08:00:00Z,69.57,-138.91,0.04903788641589726,2.812625889044415
2024-07-11T09:00:00Z,69.57,-138.91,0.030106159415525285,3.054564704086194
2024-07-11T10:00:00Z,69.57,-138.91,0.03313361639840104,-2.9860228330384757
2024-07-11T11:00:00Z,69.57,-138.91,0.05791822765393715,-2.7445306001860965
2024-07-11T12:00:00Z,69.57,-138.91,0.10286677706699447,-2.5054219014122316
2024-07-11T13:00:00Z,69.57,-138.91,0.16522026033602932,-2.268878849102609
2024-07-11T14:00:00Z,69.57,-138.91,0.2413605235134856,-2.03367882153609
2024-07-11T15:00:00Z,69.57,-138.91,0.3270635659303356,-1.7971641578994364
2024-07-11T16:00:00Z,69.57,-138.91,0.41761306336155113,-1.5553951469162046
2024-07-11T17:00:00Z,69.57,-138.91,0.5077605475766197,-1.303463778686006
2024-07-11T18:00:00Z,69.57,-138.91,0.5915976943796611,-1.036130468692128
2024-07-11T19:00:00Z,69.57,-138.91,0.6625161007785949,-0.7491477848986599
2024-07-11T20:00:00Z,69.57,-138.91,0.7135825981721556,-0.441550156821515
2024-07-11T21:00:00Z,69.57,-138.91,0.7386962002038533,-0.11819400341437002
2024-07-11T22:00:00Z,69.57,-138.91,0.7344103455373255,0.2099291870810983
2024-07-11T23:00:00Z,69.57,-138.91,0.7013248065434844,0.5296782857182915
2024-07-12T00:00:00Z,69.57,-138.91,0.6438225355206875,0.8315936766721763
2024-07-12T01:00:00Z,69.57,-138.91,0.5684027412357627,1.112666826841934
2024-07-12T02:00:00Z,69.57,-138.91,0.4819796377048413,1.37507962334383
2024-07-12T03:00:00Z,69.57,-138.91,0.3909710477908562,1.6235574868174203
2024-07-12T04:00:00Z,69.57,-138.91,0.3010827650032547,1.8633491311569537
2024-07-12T05:00:00Z,69.57,-138.91,0.21740063835626172,2.099141711269408
2024-07-12T06:00:00Z,69.57,-138.91,0.1445061782791814,2.334545361215714
2024-07-12T07:00:00Z,69.57,-138.91,0.08647649228639989,2.571830593871019
2024-07-12T08:00:00Z,69.57,-138.91,0.04672645672918362,2.8118162919310987
2024-07-12T09:00:00Z,69.57,-138.91,0.027727243576021122,3.0539661143056214
2024-07-12T10:00:00Z,69.57,-138.91,0.03070562654697041,-2.986400847201232
2024-07-12T11:00:00Z,69.57,-138.91,0.05546212561393537,-2.7446924621279964
2024-07-12T12:00:00Z,69.57,-138.91,0.10040142814008378,-2.5053855063137096
2024-07-12T13:00:00Z,69.57,-138.91,0.16275885644636606,-2.2686723971729132
2024-07-12T14:00:00Z,69.57,-138.91,0.23890883081963926,-2.0333374031965645
2024-07-12T15:00:00Z,69.57,-138.91,0.3246199719167364,-1.7967283997368264
2024-07-12T16:00:00Z,69.57,-138.91,0.41517008451357623,-1.5549131954555826
2024-07-12T17:00:00Z,69.57,-138.91,0.5053076962120473,-1.3029966844120806
2024-07-12T18:00:00Z,69.57,-138.91,0.5891260407573891,-1.0357591602353104
2024-07-12T19:00:00Z,69.57,-138.91,0.6600247704055517,-0.74897571059716
2024-07-12T20:00:00Z,69.57,-138.91,0.7110856014209275,-0.4416897503498157
2024-07-12T21:00:00Z,69.57,-138.91,0.7362241356699207,-0.1187277385337965
2024-07-12T22:00:00Z,69.57,-138.91,0.7320006557154345,0.20899518749478885
2024-07-12T23:00:00Z,69.57,-138.91,0.6990037831298607,0.5284225620628663
2024-07-13T00:00:00Z,69.57,-138.91,0.6415930779527549,0.8301368238080328
2024-07-13T01:00:00Z,69.57,-138.91,0.5662457392984156,1.111121264966416
2024-07-13T02:00:00Z,69.57,-138.91,0.4798632873129803,1.3735273740808378
2024-07-13T03:00:00Z,69.57,-138.91,0.38886001116818736,1.6220525693573347
2024-07-13T04:00:00Z,69.57,-138.91,0.29894423799424547,1.8619284729610086
2024-07-13T05:00:00Z,69.57,-138.91,0.21520794267685023,2.097835066973528
2024-07-13T06:00:00Z,69.57,-138.91,0.14224108818381134,2.3333813370390155
2024-07-13T07:00:00Z,69.57,-138.91,0.08413085518810612,2.570838412712605
2024-07-13T08:00:00Z,69.57,-138.91,0.04430287912128412,2.8110236602156524
2024-07-13T09:00:00Z,69.57,-138.91,0.025238177883719924,3.0533943533555674
2024-07-13T10:00:00Z,69.57,-138.91,0.02817042416306414,-2.986742095126498
2024-07-13T11:00:00Z,69.57,-138.91,0.05290248814152334,-2.744808225601273
2024-07-13T12:00:00Z,69.57,-138.91,0.09783657075200244,-2.5052947706012336
2024-07-13T13:00:00Z,69.57,-138.91,0.16020182886297823,-2.2684046603846695
2024-07-13T14:00:00Z,69.57,-138.91,0.23636475774088797,-2.0329290380079725
2024-07-13T15:00:00Z,69.57,-138.91,0.3220861576426755,-1.7962212239529127
2024-07-13T16:00:00Z,69.57,-138.91,0.4126376103889768,-1.5543565614245323
2024-07-13T17:00:00Z,69.57,-138.91,0.5027644036449963,-1.3024531463396942
2024-07-13T18:00:00Z,69.57,-138.91,0.5865612659621168,-1.0353118751116674
2024-07-13T19:00:00Z,69.57,-138.91,0.6574361235137414,-0.7487315056306965
2024-07-13T20:00:00Z,69.57,-138.91,0.7084862004147872,-0.44176562330027525
2024-07-13T21:00:00Z,69.57,-138.91,0.7336446942372776,-0.1192109829223579
2024-07-13T22:00:00Z,69.57,-138.91,0.729479774225837,0.20809528878233877
2024-07-13T23:00:00Z,69.57,-138.91,0.6965694411849899,0.5271846245370225
2024-07-14T00:00:00Z,69.57,-138.91,0.6392496539696203,0.8286844947689128
2024-07-14T01:00:00Z,69.57,-138.91,0.5639749664746588,1.1095713413376467
2024-07-14T02:00:00Z,69.57,-138.91,0.47763359331007804,1.3719661113406132
2024-07-14T03:00:00Z,69.57,-138.91,0.3866359284028681,1.6205374900920306
2024-07-14T04:00:00Z,69.57,-138.91,0.29669273412427183,1.860499302724759
2024-07-14T05:00:00Z,69.57,-138.91,0.21290221295673983,2.0965238714338055
2024-07-14T06:00:00Z,69.57,-138.91,0.1398630155119202,2.3322187188330212
2024-07-14T07:00:00Z,69.57,-138.91,0.08167270081542599,2.569855312881085
2024-07-14T08:00:00Z,69.57,-138.91,0.04176796339508856,2.8102491201769637
2024-07-14T09:00:00Z,69.57,-138.91,0.02263986956906998,3.0528504644516374
2024-07-14T10:00:00Z,69.57,-138.91,0.025529008998677813,-2.9870456238907477
2024-07-14T11:00:00Z,69.57,-138.91,0.050240396149854594,-2.744877039173958
2024-07-14T12:00:00Z,69.57,-138.91,0.0951733500974899,-2.50514895494676
2024-07-14T13:00:00Z,69.57,-138.91,0.1575503669893994,-2.268075016925151
2024-07-14T14:00:00Z,69.57,-138.91,0.2337295176965072,-2.0324532190404976
2024-07-14T15:00:00Z,69.57,-138.91,0.31946334299192086,-1.795642226642357
2024-07-14T16:00:00Z,69.57,-138.91,0.41001685429764706,-1.5537249209014103
2024-07-14T17:00:00Z,69.57,-138.91,0.5001318684393731,-1.3018328815379148
2024-07-14T18:00:00Z,69.57,-138.91,0.5839045490288886,-1.0347883062455259
2024-07-14T19:00:00Z,69.57,-138.91,0.6547513132071714,-0.7484147368833257
2024-07-14T20:00:00Z,69.57,-138.91,0.7057855060086448,-0.4417770829803387
2024-07-14T21:00:00Z,69.57,-138.91,0.7309589122078723,-0.11964266872223271
2024-07-14T22:00:00Z,69.57,-138.91,0.7268486231235616,0.2072309498630345
2024-07-14T23:00:00Z,69.57,-138.91,0.6940225650702333,0.525966211449344
2024-07-15T00:00:00Z,69.57,-138.91,0.6367929192739065,0.8272385394116333
2024-07-15T01:00:00Z,69.57,-138.91,0.5615909852254263,1.1080188816242833
2024-07-15T02:00:00Z,69.57,-138.91,0.4752910701453308,1.3703975627471505
2024-07-15T03:00:00Z,69.57,-138.91,0.38429930842722615,1.6190138529894258
2024-07-15T04:00:00Z,69.57,-138.91,0.2943287915411877,1.8590631008153895
2024-07-15T05:00:00Z,69.57,-138.91,0.21048404278040628,2.0952094918683324
2024-07-15T06:00:00Z,69.57,-138.91,0.1373726280143095,2.3310587731394983
2024-07-15T07:00:00Z,69.57,-138.91,0.07910278342790816,2.5688824707090063
2024-07-15T08:00:00Z,69.57,-138.91,0.03912255700061646,2.809493763689712
2024-07-15T09:00:00Z,69.57,-138.91,0.019933260280599368,3.052335454241044
2024-07-15T10:00:00Z,69.57,-138.91,0.022782411734120125,-2.987310519537667
2024-07-15T11:00:00Z,69.57,-138.91,0.04747695777332475,-2.74489809329981
2024-07-15T12:00:00Z,69.57,-138.91,0.09241293473419647,-2.5049473653669914
2024-07-15T13:00:00Z,69.57,-138.91,0.15480567972824322,-2.267682894298686
2024-07-15T14:00:00Z,69.57,-138.91,0.23100433996437172,-2.031909493198218
2024-07-15T15:00:00Z,69.57,-138.91,0.31675276061390584,-1.7949910628808332
2024-07-15T16:00:00Z,69.57,-138.91,0.40730904011841496,-1.5530180150265953
2024-07-15T17:00:00Z,69.57,-138.91,0.4974112989691156,-1.3011356790918067
2024-07-15T18:00:00Z,69.57,-138.91,0.5811570799220693,-1.0341882264583002
2024-07-15T19:00:00Z,69.57,-138.91,0.6519715070466306,-0.7480250587777534
2024-07-15T20:00:00Z,69.57,-138.91,0.702984649529694,-0.4417235295115154
2024-07-15T21:00:00Z,69.57,-138.91,0.7281678541968797,-0.12002182040615841
2024-07-15T22:00:00Z,69.57,-138.91,0.7241081608034902,0.20640354553148757
2024-07-15T23:00:00Z,69.57,-138.91,0.6913639818779262,0.5247689910136452
2024-07-16T00:00:00Z,69.57,-138.91,0.6342235761778607,0.8258007524096664
2024-07-16T01:00:00Z,69.57,-138.91,0.5590944063244924,1.1064656679620208
2024-07-16T02:00:00Z,69.57,-138.91,0.4728362807765366,1.3688234198853486
2024-07-16T03:00:00Z,69.57,-138.91,0.38185070801214893,1.617483229753637
2024-07-16T04:00:00Z,69.57,-138.91,0.2918529949212309,1.8576213166938502
2024-07-16T05:00:00Z,69.57,-138.91,0.20795407049345405,2.093893264290123
2024-07-16T06:00:00Z,69.57,-138.91,0.13477063595580233,2.3299027342085505
2024-07-16T07:00:00Z,69.57,-138.91,0.07642189715757217,2.5679210286364262
2024-07-16T08:00:00Z,69.57,-138.91,0.03636754423350411,2.8087586470197436
2024-07-16T09:00:00Z,69.57,-138.91,0.01711932518833776,3.051850291831709
2024-07-16T10:00:00Z,69.57,-138.91,0.019931692996956032,-2.9875359079202686
2024-07-16T11:00:00Z,69.57,-138.91,0.04461330730912054,-2.744870621001323
2024-07-16T12:00:00Z,69.57,-138.91,0.08955651545830448,-2.5046893537414734
2024-07-16T13:00:00Z,69.57,-138.91,0.15196899431052557,-2.2672277696530134
2024-07-16T14:00:00Z,69.57,-138.91,0.22819046846755595,-2.031297461382218
2024-07-16T15:00:00Z,69.57,-138.91,0.31395565468780645,-1.7942674466959372
2024-07-16T16:00:00Z,69.57,-138.91,0.4045154010930216,-1.5522356496643923
2024-07-16T17:00:00Z,69.57,-138.91,0.49460391220016375,-1.3003613995804408
2024-07-16T18:00:00Z,69.57,-138.91,0.5783200583173516,-1.03351148774398
2024-07-16T19:00:00Z,69.57,-138.91,0.6490978857919152,-0.7475622125642261
2024-07-16T20:00:00Z,69.57,-138.91,0.7000847814648133,-0.4416044555006207
2024-07-16T21:00:00Z,69.57,-138.91,0.725272611810105,-0.12034755526862721
2024-07-16T22:00:00Z,69.57,-138.91,0.7212593807671027,0.20561436499900654
2024-07-16T23:00:00Z,69.57,-138.91,0.6885945604015683,0.5235945589121485
2024-07-17T00:00:00Z,69.57,-138.91,0.6315423728245078,0.8243728702947517
2024-07-17T01:00:00Z,69.57,-138.91,0.5564858882524519,1.1049134360403299
2024-07-17T02:00:00Z,69.57,-138.91,0.4702698361714207,1.3672453356035736
2024-07-17T03:00:00Z,69.57,-138.91,0.37929073125684387,1.615947157539888
2024-07-17T04:00:00Z,69.57,-138.91,0.2892659749494774,1.8561753668886045
2024-07-17T05:00:00Z,69.57,-138.91,0.205312978609601,2.092576491798419
2024-07-17T06:00:00Z,69.57,-138.91,0.132057791482378,2.328751802405964
2024-07-17T07:00:00Z,69.57,-138.91,0.07363087526257046,2.566972093938349
2024-07-17T08:00:00Z,69.57,-138.91,0.033503845415819286,2.8080447896453142
2024-07-17T09:00:00Z,69.57,-138.91,0.014199072072850781,3.0513959078195767
2024-07-17T10:00:00Z,69.57,-138.91,0.01697794236553624,-2.9877209555649316
2024-07-17T11:00:00Z,69.57,-138.91,0.04165060415262863,-2.7447938984987443
2024-07-17T12:00:00Z,69.57,-138.91,0.08660530419185343,-2.504374318221187
2024-07-17T13:00:00Z,69.57,-138.91,0.14904155512680686,-2.2667091700588156
2024-07-17T14:00:00Z,69.57,-138.91,0.22528916059611848,-2.0306167785235107
2024-07-17T15:00:00Z,69.57,-138.91,0.31107327973328674,-1.793471150893992
2024-07-17T16:00:00Z,69.57,-138.91,0.4016371786413708,-1.551377694998013
2024-07-17T17:00:00Z,69.57,-138.91,0.49171093248994563,-1.2995099745029044
2024-07-17T18:00:00Z,69.57,-138.91,0.5753946924106417,-1.032758020457511
2024-07-17T19:00:00Z,69.57,-138.91,0.6461316421428481,-0.7470260256304201
2024-07-17T20:00:00Z,69.57,-138.91,0.6970870701782221,-0.4414194454884217
2024-07-17T21:00:00Z,69.57,-138.91,0.722274302331102,-0.1206190836964271
2024-07-17T22:00:00Z,69.57,-138.91,0.7183033103881484,0.20486461049170407
2024-07-17T23:00:00Z,69.57,-138.91,0.6857152100634812,0.5224444361533627
2024-07-18T00:00:00Z,69.57,-138.91,0.6287501023282821,0.8229565688345917
2024-07-18T01:00:00Z,69.57,-138.91,0.5537661364917295,1.103363872493242
2024-07-18T02:00:00Z,69.57,-138.91,0.4675923947289769,1.3656649215133425
2024-07-18T03:00:00Z,69.57,-138.91,0.3766200290501135,1.6144071367118389
2024-07-18T04:00:00Z,69.57,-138.91,0.286568407786415,1.8547266329725134
2024-07-18T05:00:00Z,69.57,-138.91,0.2025614932088709,2.091260442858373
2024-07-18T06:00:00Z,69.57,-138.91,0.12923488791659954,2.3276071428329557
2024-07-18T07:00:00Z,69.57,-138.91,0.07073058937202935,2.5660367374362774
2024-07-18T08:00:00Z,69.57,-138.91,0.030532416044018764,2.8073531732473898
2024-07-18T09:00:00Z,69.57,-138.91,0.011173540400963026,3.0509731933556203
2024-07-18T10:00:00Z,69.57,-138.91,0.013922277374526927,-2.9878648702928525
2024-07-18T11:00:00Z,69.57,-138.91,0.038590031730337204,-2.7446672457784396
2024-07-18T12:00:00Z,69.57,-138.91,0.08356053285250231,-2.5040017036674906
2024-07-18T13:00:00Z,69.57,-138.91,0.1460246225784108,-2.2661266726911724
2024-07-18T14:00:00Z,69.57,-138.91,0.22230168604397066,-2.0298671535531834
2024-07-18T15:00:00Z,69.57,-138.91,0.30810689945305014,-1.79260200679192
2024-07-18T16:00:00Z,69.57,-138.91,0.39867562121546585,-1.5504440850204324
2024-07-18T17:00:00Z,69.57,-138.91,0.4887335904701676,-1.298581405470692
2024-07-18T18:00:00Z,69.57,-138.91,0.5723821977652319,-1.031927832392224
2024-07-18T19:00:00Z,69.57,-138.91,0.643073979588707,-0.7464164103300744
2024-07-18T20:00:00Z,69.57,-138.91,0.6939927006453981,-0.4411681753245335
2024-07-18T21:00:00Z,69.57,-138.91,0.7191740674259371,-0.12083570910807787
2024-07-18T22:00:00Z,69.57,-138.91,0.7152410096621281,0.20415539624595289
2024-07-18T23:00:00Z,69.57,-138.91,0.6827268798274246,0.5213200670720318
2024-07-19T00:00:00Z,69.57,-138.91,0.6258476018710137,0.8215534606151583
2024-07-19T01:00:00Z,69.57,-138.91,0.5509359028185136,1.1018186122927442
2024-07-19T02:00:00Z,69.57,-138.91,0.4648046616454797,1.3640837456294588
2024-07-19T03:00:00Z,69.57,-138.91,0.3738392985029708,1.6128646286543173
2024-07-19T04:00:00Z,69.57,-138.91,0.2837610144323722,1.8532764597923848
2024-07-19T05:00:00Z,69.57,-138.91,0.19970038329845666,2.0899463496649267
2024-07-19T06:00:00Z,69.57,-138.91,0.1263027590587739,2.3264698838920292
2024-07-19T07:00:00Z,69.57,-138.91,0.06772194869790947,2.565115992322784
2024-07-19T08:00:00Z,69.57,-138.91,0.027454245925951276,2.806684740709701
2024-07-19T09:00:00Z,69.57,-138.91,0.008043800385486943,3.050582999396483
2024-07-19T10:00:00Z,69.57,-138.91,0.010765842507038383,-2.987966901909079
2024-07-19T11:00:00Z,69.57,-138.91,0.0354327964403366,-2.744490027046453
2024-07-19T12:00:00Z,69.57,-138.91,0.08042345225205057,-2.503571001929396
2024-07-19T13:00:00Z,69.57,-138.91,0.14291947194124055,-2.2654799049465617
2024-07-19T14:00:00Z,69.57,-138.91,0.21922932565163578,-2.0290483493441918
2024-07-19T15:00:00Z,69.57,-138.91,0.3050577856046374,-1.7916599038699108
2024-07-19T16:00:00Z,69.57,-138.91,0.3956319831691795,-1.5494348169931687
2024-07-19T17:00:00Z,69.57,-138.91,0.4856731219419815,-1.2975757633870542
2024-07-19T18:00:00Z,69.57,-138.91,0.5692837962167345,-1.031021007691426
2024-07-19T19:00:00Z,69.57,-138.91,0.6399261112375062,-0.7457333629645505
2024-07-19T20:00:00Z,69.57,-138.91,0.6908028732455392,-0.4408504111625535
2024-07-19T21:00:00Z,69.57,-138.91,0.715973071861919,-0.12099682780499942
2024-07-19T22:00:00Z,69.57,-138.91,0.7120735699484347,0.203487747824831
2024-07-19T23:00:00Z,69.57,-138.91,0.6796305570724722,0.520222817662959
2024-07-20T00:00:00Z,69.57,-138.91,0.6228357517715432,0.8201650927684769
2024-07-20T01:00:00Z,69.57,-138.91,0.547995984517536,1.1002792364077953
2024-07-20T02:00:00Z,69.57,-138.91,0.46190738823755584,1.362503330129111
2024-07-20T03:00:00Z,69.57,-138.91,0.3709492822808243,1.6113210538438805
2024-07-20T04:00:00Z,69.57,-138.91,0.28084456010614056,1.851826153645932
2024-07-20T05:00:00Z,69.57,-138.91,0.19673046011128165,2.0886354066738377
2024-07-20T06:00:00Z,69.57,-138.91,0.12326227844406182,2.3253411159865234
2024-07-20T07:00:00Z,69.57,-138.91,0.06460589921992611,2.5642108530821246
2024-07-20T08:00:00Z,69.57,-138.91,0.02427035830323399,2.8060403951776354
2024-07-20T09:00:00Z,69.57,-138.91,0.004810952037688742,3.050226135950755
2024-07-20T10:00:00Z,69.57,-138.91,0.007509808183651593,-2.9880263428162914
2024-07-20T11:00:00Z,69.57,-138.91,0.03218012659312855,-2.7442616511337974
2024-07-20T12:00:00Z,69.57,-138.91,0.07719533100037228,-2.5030817520717736
2024-07-20T13:00:00Z,69.57,-138.91,0.13972739225272843,-2.26476854446978
2024-07-20T14:00:00Z,69.57,-138.91,0.21607337030095727,-2.0281601825015834
2024-07-20T15:00:00Z,69.57,-138.91,0.30192721686927204,-1.7906447894401256
2024-07-20T16:00:00Z,69.57,-138.91,0.39250752369425135,-1.5483499507461584
2024-07-20T17:00:00Z,69.57,-138.91,0.4825307668148768,-1.296493187531429
2024-07-20T18:00:00Z,69.57,-138.91,0.5661007148120903,-1.0300377056923617
2024-07-20T19:00:00Z,69.57,-138.91,0.6366892587277636,-0.7449769624475614
2024-07-20T20:00:00Z,69.57,-138.91,0.6875188025809111,-0.44046600836471184
2024-07-20T21:00:00Z,69.57,-138.91,0.7126725022560897,-0.12110192838075919
2024-07-20T22:00:00Z,69.57,-138.91,0.7088021127191744,0.20286260158075708
2024-07-20T23:00:00Z,69.57,-138.91,0.6764272664414197,0.519153974188893
2024-07-21T00:00:00Z,69.57,-138.91,0.6197154745011789,0.8187929449879815
2024-07-21T01:00:00Z,69.57,-138.91,0.5449472235520763,1.098747269637336
2024-07-21T02:00:00Z,69.57,-138.91,0.4589013712321291,1.3609251492151637
2024-07-21T03:00:00Z,69.57,-138.91,0.36795076793380277,1.6097777899257824
2024-07-21T04:00:00Z,69.57,-138.91,0.2778198535494578,1.8503769806555928
2024-07-21T05:00:00Z,69.57,-138.91,0.19365257639938319,2.087328769140309
2024-07-21T06:00:00Z,69.57,-138.91,0.12011435856110642,2.3242218903445426
2024-07-21T07:00:00Z,69.57,-138.91,0.061383422856652846,2.563322274456506
2024-07-21T08:00:00Z,69.57,-138.91,0.020981808953622054,2.8054209992391206
2024-07-21T09:00:00Z,69.57,-138.91,0.0014761242136036965,3.049903371349368
2024-07-21T10:00:00Z,69.57,-138.91,0.004155369755805939,-2.988042528463525
2024-07-21T11:00:00Z,69.57,-138.91,0.028833271346155386,-2.7439815719135825
2024-07-21T12:00:00Z,69.57,-138.91,0.07387745441444099,-2.5025335405677764
2024-07-21T13:00:00Z,69.57,-138.91,0.13644968519496004,-2.26399231918991
2024-07-21T14:00:00Z,69.57,-138.91,0.21283511981847095,-2.027202523133286
2024-07-21T15:00:00Z,69.57,-138.91,0.2987164778142043,-1.789556668080865
2024-07-21T16:00:00Z,69.57,-138.91,0.38930350578683404,-1.5471896079242076
2024-07-21T17:00:00Z,69.57,-138.91,0.47930776810639336,-1.2953338845101259
2024-07-21T18:00:00Z,69.57,-138.91,0.5628341847976961,-1.0289781596621488
2024-07-21T19:00:00Z,69.57,-138.91,0.6333646511748706,-0.7441473688992946
2024-07-21T20:00:00Z,69.57,-138.91,0.6841417163278645,-0.44001491030649603
2024-07-21T21:00:00Z,69.57,-138.91,0.709273565843053,-0.12115059111206225
2024-07-21T22:00:00Z,69.57,-138.91,0.7054277883121824,0.20228080437700224
2024-07-21T23:00:00Z,69.57,-138.91,0.6731180686818039,0.5181147419680446
2024-07-22T00:00:00Z,69.57,-138.91,0.6164877336653729,0.8174384277625677
2024-07-22T01:00:00Z,69.57,-138.91,0.5417905056922088,1.0972241786231207
2024-07-22T02:00:00Z,69.57,-138.91,0.4557874519758795,1.3593506272313411
2024-07-22T03:00:00Z,69.57,-138.91,0.3648445871990264,1.6082361698772853
2024-07-22T04:00:00Z,69.57,-138.91,0.274687746312812,1.8489301651988435
2024-07-22T05:00:00Z,69.57,-138.91,0.1904676256839187,2.0860275517873625
2024-07-22T06:00:00Z,69.57,-138.91,0.11685995006707454,2.3231132178520264
2024-07-22T07:00:00Z,69.57,-138.91,0.05805553661740084,2.562451170494181
2024-07-22T08:00:00Z,69.57,-138.91,0.01758968528516364,2.8048273741490326
2024-07-22T09:00:00Z,69.57,-138.91,-0.001959526349427662,3.0496154317122315
2024-07-22T10:00:00Z,69.57,-138.91,7.037464933521974e-4,-2.988014837845633
2024-07-22T11:00:00Z,69.57,-138.91,0.025393499668028362,-2.7436492884998813
2024-07-22T12:00:00Z,69.57,-138.91,0.07047112344226011,-2.501926001421824
2024-07-22T13:00:00Z,69.57,-138.91,0.13308766403913141,-2.263151007154735
2024-07-22T14:00:00Z,69.57,-138.91,0.20951588189685363,-2.026175294582764
2024-07-22T15:00:00Z,69.57,-138.91,0.29542685784707523,-1.7883956011167068
2024-07-22T16:00:00Z,69.57,-138.91,0.3860211952392184,-1.5459539712030574
2024-07-22T17:00:00Z,69.57,-138.91,0.47600537098254003,-1.2940981271415453
2024-07-22T18:00:00Z,69.57,-138.91,0.5594854406761595,-1.0278426753699101
2024-07-22T19:00:00Z,69.57,-138.91,0.6299535241749221,-0.7432448220784509
2024-07-22T20:00:00Z,69.57,-138.91,0.6806728541558374,-0.43949714682001456
2024-07-22T21:00:00Z,69.57,-138.91,0.7057774892766965,-0.12114248700564277
2024-07-22T22:00:00Z,69.57,-138.91,0.7019517746848778,0.20174311368770695
2024-07-22T23:00:00Z,69.57,-138.91,0.6697040594695801,0.5171062444354219
2024-07-23T00:00:00Z,69.57,-138.91,0.6131535329588671,0.8161028808164547
2024-07-23T01:00:00Z,69.57,-138.91,0.5385267596288413,1.0957113699648757
2024-07-23T02:00:00Z,69.57,-138.91,0.4525665156384255,1.3577811368296313
2024-07-23T03:00:00Z,69.57,-138.91,0.36163161519334314,1.6066974804866854
2024-07-23T04:00:00Z,69.57,-138.91,0.27144913199239096,1.8474868884857327
2024-07-23T05:00:00Z,69.57,-138.91,0.1871765414746693,2.084732827575511
2024-07-23T06:00:00Z,69.57,-138.91,0.11350004097305591,2.322016067997402
2024-07-23T07:00:00Z,69.57,-138.91,0.05462329173706872,2.561598413682565
2024-07-23T08:00:00Z,69.57,-138.91,0.014095105425012855,2.8042602990927015
2024-07-23T09:00:00Z,69.57,-138.91,-0.005494815994550048,3.0493630003410717
2024-07-23T10:00:00Z,69.57,-138.91,-0.0028438194214764323,-2.9879426938754174
2024-07-23T11:00:00Z,69.57,-138.91,0.021862099292381018,-2.7432643455168604
2024-07-23T12:00:00Z,69.57,-138.91,0.06697765361639157,-2.5012588161690466
2024-07-23T13:00:00Z,69.57,-138.91,0.12964265256783397,-2.262244436453338
2024-07-23T14:00:00Z,69.57,-138.91,0.20611697107350854,-2.025078473018856
2024-07-23T15:00:00Z,69.57,-138.91,0.29205965019673635,-1.7871617060596363
2024-07-23T16:00:00Z,69.57,-138.91,0.3826618596893854,-1.5446432833951023
2024-07-23T17:00:00Z,69.57,-138.91,0.47262482181179644,-1.2927862533653864
2024-07-23T18:00:00Z,69.57,-138.91,0.5560557192833898,-1.0266316296758202
2024-07-23T19:00:00Z,69.57,-138.91,0.6264571188386748,-0.7422696397981159
2024-07-23T20:00:00Z,69.57,-138.91,0.6771134666634914,-0.43891283271103926
2024-07-23T21:00:00Z,69.57,-138.91,0.7021855174621203,-0.12107737670783683
2024-07-23T22:00:00Z,69.57,-138.91,0.6983752761901123,0.20125019776630718
2024-07-23T23:00:00Z,69.57,-138.91,0.6661863682179866,0.5161295224848973
2024-07-24T00:00:00Z,69.57,-138.91,0.6097139151106636,0.8147875717011429
2024-07-24T01:00:00Z,69.57,-138.91,0.5351569559997963,1.0942101886980626
2024-07-24T02:00:00Z,69.57,-138.91,0.44923949037449434,1.356217997301524
2024-07-24T03:00:00Z,69.57,-138.91,0.35831276964512554,1.6051629607597857
2024-07-24T04:00:00Z,69.57,-138.91,0.2681049454564993,1.8460482871890427
2024-07-24T05:00:00Z,69.57,-138.91,0.18378029647135372,2.083445626544839
2024-07-24T06:00:00Z,69.57,-138.91,0.1100356558052412,2.3209313679183543
2024-07-24T07:00:00Z,69.57,-138.91,0.05108777279940805,2.5607648341493157
2024-07-24T08:00:00Z,69.57,-138.91,0.010499217291314925,2.803720510599549
2024-07-24T09:00:00Z,69.57,-138.91,-0.009128535111424575,3.049146717265153
2024-07-24T10:00:00Z,69.57,-138.91,-0.0064860638945704084,-2.9878255636807785
2024-07-24T11:00:00Z,69.57,-138.91,0.018240375686290188,-2.7428263332821343
2024-07-24T12:00:00Z,69.57,-138.91,0.06339837400165257,-2.500531713917078
2024-07-24T13:00:00Z,69.57,-138.91,0.12611598404015434,-2.261272485015879
2024-07-24T14:00:00Z,69.57,-138.91,0.20263970771155823,-2.023912087047358
2024-07-24T15:00:00Z,69.57,-138.91,0.2886161509700608,-1.7858551558857412
2024-07-24T16:00:00Z,69.57,-138.91,0.3792267677129006,-1.5432578464944977
2024-07-24T17:00:00Z,69.57,-138.91,0.4691673673298232,-1.2913986648988305
2024-07-24T18:00:00Z,69.57,-138.91,0.5525462589250353,-1.025345469011378
2024-07-24T19:00:00Z,69.57,-138.91,0.6228766809056503,-0.7412222161024263
2024-07-24T20:00:00Z,69.57,-138.91,0.6734648143774565,-0.43826216600923573
2024-07-24T21:00:00Z,69.57,-138.91,0.6984989124219908,-0.12095510923971622
2024-07-24T22:00:00Z,69.57,-138.91,0.6946995223647074,0.20080263610050228
2024-07-24T23:00:00Z,69.57,-138.91,0.6625661568856133,0.5151855340212946
2024-07-25T00:00:00Z,69.57,-138.91,0.6061699607722163,0.8134936947584085
2024-07-25T01:00:00Z,69.57,-138.91,0.531682106441104,1.0927219167697964
2024-07-25T02:00:00Z,69.57,-138.91,0.44580734642213143,1.3546624731485783
2024-07-25T03:00:00Z,69.57,-138.91,0.3548890100734091,1.6036338005095856
2024-07-25T04:00:00Z,69.57,-138.91,0.2646561620265096,1.8446154522308769
2024-07-25T05:00:00Z,69.57,-138.91,0.18027990174860925,2.082166934733516
2024-07-25T06:00:00Z,69.57,-138.91,0.10646785475054961,2.319860001527786
2024-07-25T07:00:00Z,69.57,-138.91,0.04745009685191691,2.5599512189277296
2024-07-25T08:00:00Z,69.57,-138.91,0.006803197668228088,2.8032087019606022
2024-07-25T09:00:00Z,69.57,-138.91,-0.012859449101044208,3.0489671788470756
2024-07-25T10:00:00Z,69.57,-138.91,-0.010221701916710589,-2.9876629588933015
2024-07-25T11:00:00Z,69.57,-138.91,0.014529651041602228,-2.742334887861977
2024-07-25T12:00:00Z,69.57,-138.91,0.0597346261741221,-2.499744471275933
2024-07-25T13:00:00Z,69.57,-138.91,0.12250900020005283,-2.260235080296214
2024-07-25T14:00:00Z,69.57,-138.91,0.19908541701770113,-2.022676217252479
2024-07-25T15:00:00Z,69.57,-138.91,0.2850976582226158,-1.7844761783209948
2024-07-25T16:00:00Z,69.57,-138.91,0.3757171879363249,-1.5417980207247228
2024-07-25T17:00:00Z,69.57,-138.91,0.46563425380208523,-1.2899358259796347
2024-07-25T18:00:00Z,69.57,-138.91,0.548958298586745,-1.023984707709169
2024-07-25T19:00:00Z,69.57,-138.91,0.6192134598830548,-0.7401030194799099
2024-07-25T20:00:00Z,69.57,-138.91,0.6697281667992079,-0.4375454260900721
2024-07-25T21:00:00Z,69.57,-138.91,0.6947189522015158,-0.1207756205212341
2024-07-25T22:00:00Z,69.57,-138.91,0.6909257667342058,0.2004009201377591
2024-07-25T23:00:00Z,69.57,-138.91,0.6588446187930187,0.5142751536773137
2024-07-26T00:00:00Z,69.57,-138.91,0.6025227874205245,0.8122223701576204
2024-07-26T01:00:00Z,69.57,-138.91,0.5281032625896624,1.0912477717721367
2024-07-26T02:00:00Z,69.57,-138.91,0.442271095208793,1.3531157726985672
2024-07-26T03:00:00Z,69.57,-138.91,0.3513613369133292,1.6021111391404925
2024-07-26T04:00:00Z,69.57,-138.91,0.2611037966379993,1.8431894276636562
2024-07-26T05:00:00Z,69.57,-138.91,0.17667640589690942,2.0808976932621457
2024-07-26T06:00:00Z,69.57,-138.91,0.10279773280504582,2.3188028086626926
2024-07-26T07:00:00Z,69.57,-138.91,0.04371141250273462,2.559158311343273
2024-07-26T08:00:00Z,69.57,-138.91,0.003008251281816764,2.8027255226861167
2024-07-26T09:00:00Z,69.57,-138.91,-0.016686299336115876,3.0488249374029577
2024-07-26T10:00:00Z,69.57,-138.91,-0.014049428551060913,-2.9874544358650894
2024-07-26T11:00:00Z,69.57,-138.91,0.010731263269488719,-2.7417896911455664
2024-07-26T12:00:00Z,69.57,-138.91,0.05598776322474005,-2.4988969122145575
2024-07-26T13:00:00Z,69.57,-138.91,0.11882305027585713,-2.2591321990218023
2024-07-26T14:00:00Z,69.57,-138.91,0.19545542811531072,-2.0213709956217065
2024-07-26T15:00:00Z,69.57,-138.91,0.2815054710503771,-1.7830250551234104
2024-07-26T16:00:00Z,69.57,-138.91,0.37213438823002365,-1.5402642234391466
2024-07-26T17:00:00Z,69.57,-138.91,0.4620267262397312,-1.2883982620402437
2024-07-26T18:00:00Z,69.57,-138.91,0.5452930771633262,-1.0225499263841473
2024-07-26T19:00:00Z,69.57,-138.91,0.6154687082473965,-0.7389125909468672
2024-07-26T20:00:00Z,69.57,-138.91,0.6659048014889558,-0.43676297177917234
2024-07-26T21:00:00Z,69.57,-138.91,0.6908469298112377,-0.12053893177300884
2024-07-26T22:00:00Z,69.57,-138.91,0.6870552856455618,0.2000454541233736
2024-07-26T23:00:00Z,69.57,-138.91,0.6550229774287443,0.5133991728460461
2024-07-27T00:00:00Z,69.57,-138.91,0.5987735482458839,0.8109746431529216
2024-07-27T01:00:00Z,69.57,-138.91,0.5244215150441254,1.0897889059202044
2024-07-27T02:00:00Z,69.57,-138.91,0.4386317884201906,1.3515790469056432
2024-07-27T03:00:00Z,69.57,-138.91,0.34773079064297163,1.6005960644888237
2024-07-27T04:00:00Z,69.57,-138.91,0.2574489029960027,1.8417712096164076
2024-07-27T05:00:00Z,69.57,-138.91,0.17297089416968622,2.079638797442924
2024-07-27T06:00:00Z,69.57,-138.91,0.09902641887811464,2.317760584431737
2024-07-27T07:00:00Z,69.57,-138.91,0.039872899024610935,2.5583868104102065
2024-07-27T08:00:00Z,69.57,-138.91,-8.84390140311514e-4,2.802271578155796
2024-07-27T09:00:00Z,69.57,-138.91,-0.020607804117806786,3.0487205009214025
2024-07-27T10:00:00Z,69.57,-138.91,-0.017967919908270607,-2.9871995957910547
2024-07-27T11:00:00Z,69.57,-138.91,0.006846565009365204,-2.7411904708760146
2024-07-27T12:00:00Z,69.57,-138.91,0.05215914877324925,-2.4979889079164446
2024-07-27T13:00:00Z,69.57,-138.91,0.11505949002185215,-2.2579638668449173
2024-07-27T14:00:00Z,69.57,-138.91,0.19175107312258521,-2.019996605005221
2024-07-27T15:00:00Z,69.57,-138.91,0.27784088876421514,-1.7815021212018527
2024-07-27T16:00:00Z,69.57,-138.91,0.3684796349165768,-1.5386569280535245
2024-07-27T17:00:00Z,69.57,-138.91,0.45834602768534466,-1.2867865582718199
2024-07-27T18:00:00Z,69.57,-138.91,0.5415518327519052,-1.0210417702167565
2024-07-27T19:00:00Z,69.57,-138.91,0.6116436807044999,-0.737651542030291
2024-07-27T20:00:00Z,69.57,-138.91,0.6619960032094037,-0.4359152392725182
2024-07-27T21:00:00Z,69.57,-138.91,0.686884152211756,-0.12024514774981365
2024-07-27T22:00:00Z,69.57,-138.91,0.6830893771252441,0.19973655613380728
2024-07-27T23:00:00Z,69.57,-138.91,0.6511024852654617,0.5125582999053255
2024-07-28T00:00:00Z,69.57,-138.91,0.5949234309976863,0.8097514836879804
2024-07-28T01:00:00Z,69.57,-138.91,0.5206379923340756,1.088346405119835
2024-07-28T02:00:00Z,69.57,-138.91,0.43489051702882625,1.350053388352079
2024-07-28T03:00:00Z,69.57,-138.91,0.34399845088254827,1.5990896118047144
2024-07-28T04:00:00Z,69.57,-138.91,0.25369257267418555,1.8403617454494001
2024-07-28T05:00:00Z,69.57,-138.91,0.16916448761796096,2.078391095976237
2024-07-28T06:00:00Z,69.57,-138.91,0.0951550749169031,2.3167340785394304
2024-07-28T07:00:00Z,69.57,-138.91,0.03593576545055691,2.557637370321691
2024-07-28T08:00:00Z,69.57,-138.91,-0.004873468792093711,2.8018474292060347
2024-07-28T09:00:00Z,69.57,-138.91,-0.024622659625582233,3.0486543328359184
2024-07-28T10:00:00Z,69.57,-138.91,-0.021975834110273946,-2.986898084789117
2024-07-28T11:00:00Z,69.57,-138.91,0.0028769226671585837,-2.7405370005479073
2024-07-28T12:00:00Z,69.57,-138.91,0.04825015600652175,-2.497020376579421
2024-07-28T13:00:00Z,69.57,-138.91,0.11121968080439902,-2.2567301578937937
2024-07-28T14:00:00Z,69.57,-138.91,0.187973686260696,-2.0185532785435467
2024-07-28T15:00:00Z,69.57,-138.91,0.27410521006502175,-1.7799077637978618
2024-07-28T16:00:00Z,69.57,-138.91,0.36475419201924436,-1.5369766629492894
2024-07-28T17:00:00Z,69.57,-138.91,0.45459339853572484,-1.2851013581799404
2024-07-28T18:00:00Z,69.57,-138.91,0.5377358020056944,-1.019460947155842
2024-07-28T19:00:00Z,69.57,-138.91,0.607739633492288,-0.7363205527362942
2024-07-28T20:00:00Z,69.57,-138.91,0.6580030631134872,-0.4350027400173068
2024-07-28T21:00:00Z,69.57,-138.91,0.682831939337303,-0.11989445494666767
2024-07-28T22:00:00Z,69.57,-138.91,0.6790293597621372,0.1994744593512871
2024-07-28T23:00:00Z,69.57,-138.91,0.647084422601197,0.5117531605449108
2024-07-29T00:00:00Z,69.57,-138.91,0.5909736568722205,0.8085537859946706
2024-07-29T01:00:00Z,69.57,-138.91,0.5167538598748447,1.0869212882090753
2024-07-29T02:00:00Z,69.57,-138.91,0.43104841031899416,1.3485398303555294
2024-07-29T03:00:00Z,69.57,-138.91,0.34016543546274863,1.5975927628927047
2024-07-29T04:00:00Z,69.57,-138.91,0.24983593423519285,1.8389619329150604
2024-07-29T05:00:00Z,69.57,-138.91,0.1652583421869825,2.077155390317394
2024-07-29T06:00:00Z,69.57,-138.91,0.09118489501672666,2.315723994715856
2024-07-29T07:00:00Z,69.57,-138.91,0.031901249655643865,2.55691060007031
2024-07-29T08:00:00Z,69.57,-138.91,-0.008957701710003268,2.801453591792492
2024-07-29T09:00:00Z,69.57,-138.91,-0.02872954085876213,3.0486268518601096
2024-07-29T10:00:00Z,69.57,-138.91,-0.02607181224509308,-2.986549594005042
2024-07-29T11:00:00Z,69.57,-138.91,-0.0011762845369406947,-2.7398290993187047
2024-07-29T12:00:00Z,69.57,-138.91,0.0442621667528878,-2.495991283117659
2024-07-29T13:00:00Z,69.57,-138.91,0.10730498869187807,-2.2554311943683816
2024-07-29T14:00:00Z,69.57,-138.91,0.1841246030333343,-2.0170412989503808
2024-07-29T15:00:00Z,69.57,-138.91,0.27029973226358656,-1.7782424216170296
2024-07-29T16:00:00Z,69.57,-138.91,0.3609593205931854,-1.5352240102384094
2024-07-29T17:00:00Z,69.57,-138.91,0.4507700758936652,-1.2833433621617332
2024-07-29T18:00:00Z,69.57,-138.91,0.5338462195282042,-1.0178082261199262
2024-07-29T19:00:00Z,69.57,-138.91,0.6037578237287288,-0.7349203694993212
2024-07-29T20:00:00Z,69.57,-138.91,0.6539272779888564,-0.434026058464288
2024-07-29T21:00:00Z,69.57,-138.91,0.6786916231704394,-0.11948711947358703
2024-07-29T22:00:00Z,69.57,-138.91,0.6748765716258716,0.19925931342207376
2024-07-29T23:00:00Z,69.57,-138.91,0.6429700963948055,0.5109842984219782
2024-07-30T00:00:00Z,69.57,-138.91,0.5869254793712253,0.8073823685051914
2024-07-30T01:00:00Z,69.57,-138.91,0.5127703188811995,1.085514506472029
2024-07-30T02:00:00Z,69.57,-138.91,0.4271066349074203,1.347039346191384
2024-07-30T03:00:00Z,69.57,-138.91,0.3362328994961714,1.5961064453256002
2024-07-30T04:00:00Z,69.57,-138.91,0.24588015232674093,1.8375726194543274
2024-07-30T05:00:00Z,69.57,-138.91,0.16125364782472304,2.0759324340715417
2024-07-30T06:00:00Z,69.57,-138.91,0.08711710451141357,2.3147309902819613
2024-07-30T07:00:00Z,69.57,-138.91,0.027770617456608006,2.556207063053667
2024-07-30T08:00:00Z,69.57,-138.91,-0.013135781703613571,2.8010905368335095
2024-07-30T09:00:00Z,69.57,-138.91,-0.03292710256644045,3.0486384318329747
2024-07-30T10:00:00Z,69.57,-138.91,-0.03025447929963132,-2.986153859547453
2024-07-30T11:00:00Z,69.57,-138.91,-0.005311665509191916,-2.739066631932637
2024-07-30T12:00:00Z,69.57,-138.91,0.04019657056698089,-2.4949016388850254
2024-07-30T13:00:00Z,69.57,-138.91,0.10331678358155212,-2.2540671460734436
2024-07-30T14:00:00Z,69.57,-138.91,0.18020515941076792,-2.0154609978475193
2024-07-30T15:00:00Z,69.57,-138.91,0.26642575056969403,-1.7765065838493344
2024-07-30T16:00:00Z,69.57,-138.91,0.35709627805979727,-1.5333996046089542
2024-07-30T17:00:00Z,69.57,-138.91,0.4468772930086052,-1.281513325933146
2024-07-30T18:00:00Z,69.57,-138.91,0.5298843173065396,-1.0160844352059888
2024-07-30T19:00:00Z,69.57,-138.91,0.5996995088333854,-0.733451802985645
2024-07-30T20:00:00Z,69.57,-138.91,0.649769949540693,-0.4329858498517837
2024-07-30T21:00:00Z,69.57,-138.91,0.6744645468542788,-0.11902348503286264
2024-07-30T22:00:00Z,69.57,-138.91,0.6706323692159866,0.19909118600683057
2024-07-30T23:00:00Z,69.57,-138.91,0.638760839131484,0.510252175909935
2024-07-31T00:00:00Z,69.57,-138.91,0.5827801831650419,0.8062379739392141
2024-07-31T01:00:00Z,69.57,-138.91,0.5086886053046902,1.0841269432156104
2024-07-31T02:00:00Z,69.57,-138.91,0.42306639371920196,1.3455528485525878
2024-07-31T03:00:00Z,69.57,-138.91,0.3322020344207969,1.5946315318228994
2024-07-31T04:00:00Z,69.57,-138.91,0.2418264267450187,1.8361946016582777
2024-07-31T05:00:00Z,69.57,-138.91,0.15715162759242238,2.074722932452593
2024-07-31T06:00:00Z,69.57,-138.91,0.08295295908333004,2.3137556757134514
2024-07-31T07:00:00Z,69.57,-138.91,0.023545161712472576,2.5555272767551296
2024-07-31T08:00:00Z,69.57,-138.91,-0.017406378262124204,2.800758689977592
2024-07-31T09:00:00Z,69.57,-138.91,-0.0372139801675535,3.0486894016799986
2024-07-31T10:00:00Z,69.57,-138.91,-0.03452244508003753,-2.985710662442811
2024-07-31T11:00:00Z,69.57,-138.91,-0.009527818177016558,-2.738249508429895
2024-07-31T12:00:00Z,69.57,-138.91,0.036054763837729285,-2.493751501371335
2024-07-31T13:00:00Z,69.57,-138.91,0.09925643837373867,-2.252638229860856
2024-07-31T14:00:00Z,69.57,-138.91,0.176216691043681,-2.013812755085158
2024-07-31T15:00:00Z,69.57,-138.91,0.26248455739022486,-1.774700789244444
2024-07-31T16:00:00Z,69.57,-138.91,0.3531663175916346,-1.5315041321279574
2024-07-31T17:00:00Z,69.57,-138.91,0.4429162787343295,-1.2796120590218762
2024-07-31T18:00:00Z,69.57,-138.91,0.5258513242303974,-1.0142904597475924
2024-07-31T19:00:00Z,69.57,-138.91,0.5955659459836493,-0.7319157259411092
2024-07-31T20:00:00Z,69.57,-138.91,0.6455323837402238,-0.43188283781123155
2024-07-31T21:00:00Z,69.57,-138.91,0.6701520638523831,-0.11850397074695915
2024-07-31T22:00:00Z,69.57,-138.91,0.6662981264459975,0.19897006447178658
2024-07-31T23:00:00Z,69.57,-138.91,0.6344580077118631,0.5095571749955625
2024-08-01T00:00:00Z,69.57,-138.91,0.5785390829661323,0.8051212695477572
2024-08-01T01:00:00Z,69.57,-138.91,0.5045099887633188,1.0827594135220242
2024-08-01T02:00:00Z,69.57,-138.91,0.4189289249753133,1.344081189092893
2024-08-01T03:00:00Z,69.57,-138.91,0.32807406703150943,1.5931688397552437
2024-08-01T04:00:00Z,69.57,-138.91,0.23767599152490967,1.834828624738056
2024-08-01T05:00:00Z,69.57,-138.91,0.152953536742207,2.073527541914767
2024-08-01T06:00:00Z,69.57,-138.91,0.07869374385894466,2.3127986143325496
2024-08-01T07:00:00Z,69.57,-138.91,0.019226201414461002,2.5548717125634783
2024-08-01T08:00:00Z,69.57,-138.91,-0.021768138452514366,2.800458431433566
2024-08-01T09:00:00Z,69.57,-138.91,-0.04158879065681465,3.048780045396228
2024-08-01T10:00:00Z,69.57,-138.91,-0.03887430511672264,-2.9852198285880465
2024-08-01T11:00:00Z,69.57,-138.91,-0.013823330386397615,-2.7373776839867174
2024-08-01T12:00:00Z,69.57,-138.91,0.031838148947517984,-2.492540973755015
2024-08-01T13:00:00Z,69.57,-138.91,0.09512532815568471,-2.2511447091124213
2024-08-01T14:00:00Z,69.57,-138.91,0.17216053254744343,-2.012096997933638
2024-08-01T15:00:00Z,69.57,-138.91,0.2584774416728076,-1.772825625147838
2024-08-01T16:00:00Z,69.57,-138.91,0.3491706875772223,-1.529538328925628
2024-08-01T17:00:00Z,69.57,-138.91,0.4388882570268366,-1.2776404232615053
2024-08-01T18:00:00Z,69.57,-138.91,0.5217484656195688,-1.0124272404972336
2024-08-01T19:00:00Z,69.57,-138.91,0.5913583916184431,-0.7303130710284167
2024-08-01T20:00:00Z,69.57,-138.91,0.6412158902105859,-0.43071781203070403
2024-08-01T21:00:00Z,69.57,-138.91,0.6657555371569567,-0.11792906883516616
2024-08-01T22:00:00Z,69.57,-138.91,0.6618752336660251,0.1988958576700766
2024-08-01T23:00:00Z,69.57,-138.91,0.630062982346483,0.5088995984543155
2024-08-02T00:00:00Z,69.57,-138.91,0.5742035224206405,0.8040328474873177
2024-08-02T01:00:00Z,69.57,-138.91,0.5002357714380472,1.0814126642659927
2024-08-02T02:00:00Z,69.57,-138.91,0.41469550119285703,1.3426251580546602
2024-08-02T03:00:00Z,69.57,-138.91,0.3238502585189021,1.5917191307294367
2024-08-02T04:00:00Z,69.57,-138.91,0.23343011400939187,1.8334753821385479
2024-08-02T05:00:00Z,69.57,-138.91,0.14866066180300994,2.0723468698405476
2024-08-02T06:00:00Z,69.57,-138.91,0.07434077251113541,2.311860322056993
2024-08-02T07:00:00Z,69.57,-138.91,0.014815080792789453,2.5542407956057738
2024-08-02T08:00:00Z,69.57,-138.91,-0.02621968782377421,2.8001900959897985
2024-08-02T09:00:00Z,69.57,-138.91,-0.046050133495129965,3.0489106020603938
2024-08-02T10:00:00Z,69.57,-138.91,-0.043308641543512855,-2.984681228539749
2024-08-02T11:00:00Z,69.57,-138.91,-0.01819678076664367,-2.7364511586527542
2024-08-02T12:00:00Z,69.57,-138.91,0.027548133429228693,-2.4912702045527753
2024-08-02T13:00:00Z,69.57,-138.91,0.09092482942073826,-2.2495868931820793
2024-08-02T14:00:00Z,69.57,-138.91,0.16803801678552382,-2.010314200357119
2024-08-02T15:00:00Z,69.57,-138.91,0.2544056883066843,-1.7708817264699133
2024-08-02T16:00:00Z,69.57,-138.91,0.34511063108374485,-1.5275029799865483
2024-08-02T17:00:00Z,69.57,-138.91,0.4347944465274883,-1.275599331157888
2024-08-02T18:00:00Z,69.57,-138.91,0.5175769628256806,-1.010495771705459
2024-08-02T19:00:00Z,69.57,-138.91,0.5870781010065369,-0.7286448285750502
2024-08-02T20:00:00Z,69.57,-138.91,0.6368217816640476,-0.4294916258682272
2024-08-02T21:00:00Z,69.57,-138.91,0.6612763385399174,-0.11729934233023355
2024-08-02T22:00:00Z,69.57,-138.91,0.657365096723057,0.1988683978508963
2024-08-02T23:00:00Z,69.57,-138.91,0.6255771654997219,0.5082796710105868
2024-08-03T00:00:00Z,69.57,-138.91,0.5697748729902989,0.802973225448509
2024-08-03T01:00:00Z,69.57,-138.91,0.4958672870167592,1.0800873741341894
2024-08-03T02:00:00Z,69.57,-138.91,0.41036742813055227,1.341185484180148
2024-08-03T03:00:00Z,69.57,-138.91,0.3195319035038996,1.5902831102897221
2024-08-03T04:00:00Z,69.57,-138.91,0.2290900938986962,1.8321355152980088
2024-08-03T05:00:00Z,69.57,-138.91,0.1442743197020545,2.0711814742074486
2024-08-03T06:00:00Z,69.57,-138.91,0.06989538636726189,2.310941267215323
2024-08-03T07:00:00Z,69.57,-138.91,0.010313168442672984,2.5536349045886633
2024-08-03T08:00:00Z,69.57,-138.91,-0.030759631283664855,2.7999539729645107
2024-08-03T09:00:00Z,69.57,-138.91,-0.05059659148416768,3.0490812659030615
2024-08-03T10:00:00Z,69.57,-138.91,-0.04782402396290199,-2.9840947773722
2024-08-03T11:00:00Z,69.57,-138.91,-0.022646739564778078,-2.735469977010429
2024-08-03T12:00:00Z,69.57,-138.91,0.02318612916415518,-2.489939387182744
2024-08-03T13:00:00Z,69.57,-138.91,0.0866563193403773,-2.247965136742274
2024-08-03T14:00:00Z,69.57,-138.91,0.1638504742109778,-2.0084648822022966
2024-08-03T15:00:00Z,69.57,-138.91,0.25027057754530624,-1.7688697746871744
2024-08-03T16:00:00Z,69.57,-138.91,0.34098738538206763,-1.5253989178755811
2024-08-03T17:00:00Z,69.57,-138.91,0.43063606015184425,-1.2734897443637605
2024-08-03T18:00:00Z,69.57,-138.91,0.5133380328718145,-1.0084970992263729
2024-08-03T19:00:00Z,69.57,-138.91,0.5827263278510755,-0.7269120443713297
2024-08-03T20:00:00Z,69.57,-138.91,0.6323513733985009,-0.4282051938590252
2024-08-03T21:00:00Z,69.57,-138.91,0.6567158478532781,-0.11661542265480447
2024-08-03T22:00:00Z,69.57,-138.91,0.6527691360600408,0.19888744267236166
2024-08-03T23:00:00Z,69.57,-138.91,0.6210019808433379,0.5076975407566109
2024-08-04T00:00:00Z,69.57,-138.91,0.5652545328741512,0.8019428473285503
2024-08-04T01:00:00Z,69.57,-138.91,0.49140589962638126,1.0787841538476604
2024-08-04T02:00:00Z,69.57,-138.91,0.4059460437819589,1.339762834616521
2024-08-04T03:00:00Z,69.57,-138.91,0.3151203290485587,1.5888614277909416
2024-08-04T04:00:00Z,69.57,-138.91,0.22465726233170344,1.8308096134157317
2024-08-04T05:00:00Z,69.57,-138.91,0.13979585682254708,2.070031863534268
2024-08-04T06:00:00Z,69.57,-138.91,0.06535895352174026,2.310041870437401
2024-08-04T07:00:00Z,69.57,-138.91,0.00572185643241004,2.553054371833721
2024-08-04T08:00:00Z,69.57,-138.91,-0.03538655395825259,2.7997503061779376
2024-08-04T09:00:00Z,69.57,-138.91,-0.055226731624837135,3.049292186459055
2024-08-04T10:00:00Z,69.57,-138.91,-0.05241901028991203,-2.9834604344920592
2024-08-04T11:00:00Z,69.57,-138.91,-0.027171769468105605,-2.7344342278913873
2024-08-04T12:00:00Z,69.57,-138.91,0.018753551614961794,-2.4885487594725415
2024-08-04T13:00:00Z,69.57,-138.91,0.0823211750415833,-2.246279839199447
2024-08-04T14:00:00Z,69.57,-138.91,0.15959923224267,-2.0065496083734486
2024-08-04T15:00:00Z,69.57,-138.91,0.2460733844716768,-1.7667904968207115
2024-08-04T16:00:00Z,69.57,-138.91,0.33680218152806934,-1.5232270214181287
2024-08-04T17:00:00Z,69.57,-138.91,0.4264143047412874,-1.271312672096264
2024-08-04T18:00:00Z,69.57,-138.91,0.5090328881502014,-1.0064323185814277
2024-08-04T19:00:00Z,69.57,-138.91,0.5783043239421692,-0.7251158174628782
2024-08-04T20:00:00Z,69.57,-138.91,0.6278059828282105,-0.426859489315977
2024-08-04T21:00:00Z,69.57,-138.91,0.6520754523736039,-0.11587800722120456
2024-08-04T22:00:00Z,69.57,-138.91,0.6480887858540682,0.19895267732932012
2024-08-04T23:00:00Z,69.57,-138.91,0.6163388722496482,0.5071532806299438
2024-08-05T00:00:00Z,69.57,-138.91,0.5606439259348649,0.8009420841033102
2024-08-05T01:00:00Z,69.57,-138.91,0.48685300275033583,1.0775035466002842
2024-08-05T02:00:00Z,69.57,-138.91,0.4014327173658813,1.3383578149632591
2024-08-05T03:00:00Z,69.57,-138.91,0.3106168936875456,1.5874546763291637
2024-08-05T04:00:00Z,69.57,-138.91,0.22013298095376108,1.8294982133558049
2024-08-05T05:00:00Z,69.57,-138.91,0.13522664812516674,2.068898496730781
2024-08-05T06:00:00Z,69.57,-138.91,0.060732867955819676,2.3091625046156503
2024-08-05T07:00:00Z,69.57,-138.91,0.0010425594517449333,2.5524994832308834
2024-08-05T08:00:00Z,69.57,-138.91,-0.040099022054596735,2.799579294121093
2024-08-05T09:00:00Z,69.57,-138.91,-0.05993910595446654,3.049543468681401
2024-08-05T10:00:00Z,69.57,-138.91,-0.057092147568266506,-2.9827782033239614
2024-08-05T11:00:00Z,69.57,-138.91,-0.031770426395439984,-2.7333440440248604
2024-08-05T12:00:00Z,69.57,-138.91,0.014251819082905934,-2.4870986031644153
2024-08-05T13:00:00Z,69.57,-138.91,0.07792077293444781,-2.244531444030264
2024-08-05T14:00:00Z,69.57,-138.91,0.1552856146775206,-2.004568987992164
2024-08-05T15:00:00Z,69.57,-138.91,0.24181537852585158,-1.764644664343867
2024-08-05T16:00:00Z,69.57,-138.91,0.33255624396826045,-1.5209882144226867
2024-08-05T17:00:00Z,69.57,-138.91,0.4221303807708293,-1.269069169518129
2024-08-05T18:00:00Z,69.57,-138.91,0.5046627361308307,-1.004302573147977
2024-08-05T19:00:00Z,69.57,-138.91,0.5738133388644036,-0.7232572979062543
2024-08-05T20:00:00Z,69.57,-138.91,0.6231869290662507,-0.4254555418889145
2024-08-05T21:00:00Z,69.57,-138.91,0.6473565461953834,-0.11508785691850854
2024-08-05T22:00:00Z,69.57,-138.91,0.6433254932046605,0.19906371659870017
2024-08-05T23:00:00Z,69.57,-138.91,0.6115893028089393,0.5066468900534973
2024-08-06T00:00:00Z,69.57,-138.91,0.5559445006418628,0.7999712348468581
2024-08-06T01:00:00Z,69.57,-138.91,0.48221001819300524,1.076246028509713
2024-08-06T02:00:00Z,69.57,-138.91,0.396828848292533,1.3369709695250456
2024-08-06T03:00:00Z,69.57,-138.91,0.3060229864707349,1.5860633927575176
2024-08-06T04:00:00Z,69.57,-138.91,0.21551864097638057,1.8282017996750846
2024-08-06T05:00:00Z,69.57,-138.91,0.13056809624484722,2.0677817831178675
2024-08-06T06:00:00Z,69.57,-138.91,0.05601854866292989,2.3083034949456573
2024-08-06T07:00:00Z,69.57,-138.91,-0.0037232860435548513,2.551970478329168
2024-08-06T08:00:00Z,69.57,-138.91,-0.04489558368923442,2.799441090027178
2024-08-06T09:00:00Z,69.57,-138.91,-0.06473225236698317,3.049835173178596
2024-08-06T10:00:00Z,69.57,-138.91,-0.06184197277001594,-2.982048131072965
2024-08-06T11:00:00Z,69.57,-138.91,-0.03644126025170874,-2.7321996015878716
2024-08-06T12:00:00Z,69.57,-138.91,0.009682351979729923,-2.4855892434632723
2024-08-06T13:00:00Z,69.57,-138.91,0.07345648806600699,-2.242720438123503
2024-08-06T14:00:00Z,69.57,-138.91,0.1509109411176138,-2.0025236736068264
2024-08-06T15:00:00Z,69.57,-138.91,0.23749782304310788,-1.7624330921579245
2024-08-06T16:00:00Z,69.57,-138.91,0.3282507901885729,-1.5186834643964628
2024-08-06T17:00:00Z,69.57,-138.91,0.4177854820700441,-1.2667603362103774
2024-08-06T18:00:00Z,69.57,-138.91,0.5002287791780861,-1.0021090521311975
2024-08-06T19:00:00Z,69.57,-138.91,0.5692546197506773,-0.7213376845288579
2024-08-06T20:00:00Z,69.57,-138.91,0.6184955325588949,-0.42399443507675266
2024-08-06T21:00:00Z,69.57,-138.91,0.6425605296662454,-0.11424579369239639
2024-08-06T22:00:00Z,69.57,-138.91,0.6384807173464823,0.19922010724982508
2024-08-06T23:00:00Z,69.57,-138.91,0.6067547538942165,0.5061782965814374
2024-08-07T00:00:00Z,69.57,-138.91,0.5511577290488939,0.7990305278230567
2024-08-07T01:00:00Z,69.57,-138.91,0.47747839504087425,1.075012009250344
2024-08-07T02:00:00Z,69.57,-138.91,0.3921358651588009,1.3356027816211373
2024-08-07T03:00:00Z,69.57,-138.91,0.30134002598745363,1.5846880578693934
2024-08-07T04:00:00Z,69.57,-138.91,0.21081566226626214,1.8269208046764183
2024-08-07T05:00:00Z,69.57,-138.91,0.1258216306099474,2.066682082480143
2024-08-07T06:00:00Z,69.57,-138.91,0.05121743880489197,2.307465118960629
2024-08-07T07:00:00Z,69.57,-138.91,-0.008574222666734903,2.5514675504511803
2024-08-07T08:00:00Z,69.57,-138.91,-0.04977476970469311,2.799335802033335
2024-08-07T09:00:00Z,69.57,-138.91,-0.06960469541010429,3.0501673164174123
2024-08-07T10:00:00Z,69.57,-138.91,-0.06666701356933512,-2.981270308423406
2024-08-07T11:00:00Z,69.57,-138.91,-0.0411828156748827,-2.7310011198619115
2024-08-07T12:00:00Z,69.57,-138.91,0.0050465721608276394,-2.4840210484289664
2024-08-07T13:00:00Z,69.57,-138.91,0.0689296935114811,-2.240847351092404
2024-08-07T14:00:00Z,69.57,-138.91,0.14647652647755244,-2.0004143602638393
2024-08-07T15:00:00Z,69.57,-138.91,0.233121974834167,-1.7601566375542317
2024-08-07T16:00:00Z,69.57,-138.91,0.3238870304199292,-1.516313781218349
2024-08-07T17:00:00Z,69.57,-138.91,0.41338079560884194,-1.264387314585102
2024-08-07T18:00:00Z,69.57,-138.91,0.4957322143401587,-0.9998529887960645
2024-08-07T19:00:00Z,69.57,-138.91,0.564629411060353,-0.7193582227977607
2024-08-07T20:00:00Z,69.57,-138.91,0.6137331147621998,-0.42247730377086967
2024-08-07T21:00:00Z,69.57,-138.91,0.6376888088722942,-0.1133526979590633
2024-08-07T22:00:00Z,69.57,-138.91,0.6335559289221208,0.1994213301959214
2024-08-07T23:00:00Z,69.57,-138.91,0.6018367242392743,0.505747357780293
2024-08-08T00:00:00Z,69.57,-138.91,0.5462851057959041,0.7981201216926949
2024-08-08T01:00:00Z,69.57,-138.91,0.4726596086368908,1.0738018328133385
2024-08-08T02:00:00Z,69.57,-138.91,0.3873552247679996,1.3342536739642308
2024-08-08T03:00:00Z,69.57,-138.91,0.2965694594133574,1.583329096640133
2024-08-08T04:00:00Z,69.57,-138.91,0.20602549243985258,1.8256556085546294
2024-08-08T05:00:00Z,69.57,-138.91,0.12098870656237835,2.065599705219
2024-08-08T06:00:00Z,69.57,-138.91,0.046331004855921655,2.306647606715656
2024-08-08T07:00:00Z,69.57,-138.91,-0.013508772921155265,2.5509908468671676
2024-08-08T08:00:00Z,69.57,-138.91,-0.0547350944735466,2.7992634934351863
2024-08-08T09:00:00Z,69.57,-138.91,-0.07455494706143527,3.0505398709834544
2024-08-08T10:00:00Z,69.57,-138.91,-0.07156578908796014,-2.9804448691437657
2024-08-08T11:00:00Z,69.57,-138.91,-0.0459936327437433,-2.7297488607878546
2024-08-08T12:00:00Z,69.57,-138.91,3.4590226325666157e-4,-2.4823944284617734
2024-08-08T13:00:00Z,69.57,-138.91,0.06434175979636464,-2.238912754582445
2024-08-08T14:00:00Z,69.57,-138.91,0.14198368049078156,-1.9982417846783038
2024-08-08T15:00:00Z,69.57,-138.91,0.22868908382851647,-1.7578161991074406
2024-08-08T16:00:00Z,69.57,-138.91,0.3194661673609102,-1.5138802158775884
2024-08-08T17:00:00Z,69.57,-138.91,0.40891750133137394,-1.2619512882871629
2024-08-08T18:00:00Z,69.57,-138.91,0.4911742332274698,-0.9975356585494283
2024-08-08T19:00:00Z,69.57,-138.91,0.5599389544216717,-0.7173202026040928
2024-08-08T20:00:00Z,69.57,-138.91,0.608900997851878,-0.42090533189824586
2024-08-08T21:00:00Z,69.57,-138.91,0.6327427951646362,-0.11240950611881062
2024-08-08T22:00:00Z,69.57,-138.91,0.6285526092881206,0.19966680284385177
2024-08-08T23:00:00Z,69.57,-138.91,0.5968367290699036,0.5053538630714636
2024-08-09T00:00:00Z,69.57,-138.91,0.5413281471213478,0.797240106894777
2024-08-09T01:00:00Z,69.57,-138.91,0.46775515958265773,1.0726157783463808
2024-08-09T02:00:00Z,69.57,-138.91,0.38248841114084065,1.3329240092066765
2024-08-09T03:00:00Z,69.57,-138.91,0.291712761588684,1.5819868785067983
2024-08-09T04:00:00Z,69.57,-138.91,0.2011496059536255,1.8244065396625042
2024-08-09T05:00:00Z,69.57,-138.91,0.11607080450532924,2.0645349125270505
2024-08-09T06:00:00Z,69.57,-138.91,0.04136073576681848,2.3058511410093216
2024-08-09T07:00:00Z,69.57,-138.91,-0.01852543999693733,2.5505404689824296
2024-08-09T08:00:00Z,69.57,-138.91,-0.05977505667225041,2.7992241828973796
2024-08-09T09:00:00Z,69.57,-138.91,-0.07958150748290611,3.050952765894612
2024-08-09T10:00:00Z,69.57,-138.91,-0.07653681062314757,-2.9795719897981265
2024-08-09T11:00:00Z,69.57,-138.91,-0.05087224765682234,-2.728443128492581
2024-08-09T12:00:00Z,69.57,-138.91,-0.004418234923607964,-2.480709835764316
2024-08-09T13:00:00Z,69.57,-138.91,0.05969405435053304,-2.2369172615728203
2024-08-09T14:00:00Z,69.57,-138.91,0.13743370726197604,-1.9960067243695692
2024-08-09T15:00:00Z,69.57,-138.91,0.22420039274186365,-1.7554127156053336
2024-08-09T16:00:00Z,69.57,-138.91,0.31498939596128045,-1.5113838591598896
2024-08-09T17:00:00Z,69.57,-138.91,0.40439677200714463,-1.2594534806764695
2024-08-09T18:00:00Z,69.57,-138.91,0.48655602191763087,-0.9951583770908244
2024-08-09T19:00:00Z,69.57,-138.91,0.555184488511376,-0.715224956091817
2024-08-09T20:00:00Z,69.57,-138.91,0.604000504497255,-0.4192797499117014
2024-08-09T21:00:00Z,69.57,-138.91,0.6277239047278916,-0.11141720811864948
2024-08-09T22:00:00Z,69.57,-138.91,0.6234722498619385,0.19995588149734284
2024-08-09T23:00:00Z,69.57,-138.91,0.5917562992772197,0.5049975356062169
2024-08-10T00:00:00Z,69.57,-138.91,0.5362883899221552,0.7963905070393893
2024-08-10T01:00:00Z,69.57,-138.91,0.46276657275971683,1.0714540610998617
2024-08-10T02:00:00Z,69.57,-138.91,0.37753693454008436,1.3316140905887015
2024-08-10T03:00:00Z,69.57,-138.91,0.2867714340567058,1.5806617178760134
2024-08-10T04:00:00Z,69.57,-138.91,0.1961895032081437,1.8231738748506683
2024-08-10T05:00:00Z,69.57,-138.91,0.11106942904136424,2.0634879166983615
2024-08-10T06:00:00Z,69.57,-138.91,0.036308142181701926,2.305075857528919
2024-08-10T07:00:00Z,69.57,-138.91,-0.023622708564325707,2.5501164726421983
2024-08-10T08:00:00Z,69.57,-138.91,-0.06489314003720244,2.799217844725414
2024-08-10T09:00:00Z,69.57,-138.91,-0.08468286575122576,3.051405886927272
2024-08-10T10:00:00Z,69.57,-138.91,-0.08157858234274314,-2.978651889311194
2024-08-10T11:00:00Z,69.57,-138.91,-0.0558171933861869,-2.7270842688201635
2024-08-10T12:00:00Z,69.57,-138.91,-0.009244417038327768,-2.478967763709609
2024-08-10T13:00:00Z,69.57,-138.91,0.05498794100357921,-2.2348615256429873
2024-08-10T14:00:00Z,69.57,-138.91,0.13282790486420593,-1.993709996766414
2024-08-10T15:00:00Z,69.57,-138.91,0.21965713675606124,-1.7529471650472728
2024-08-10T16:00:00Z,69.57,-138.91,0.31045790323165795,-1.5088258403755215
2024-08-10T17:00:00Z,69.57,-138.91,0.39981977312618766,-1.256895153310556
2024-08-10T18:00:00Z,69.57,-138.91,0.4818787608998219,-0.9927224985853467
2024-08-10T19:00:00Z,69.57,-138.91,0.5503672489673482,-0.7130738555460144
2024-08-10T20:00:00Z,69.57,-138.91,0.5990329576555458,-0.41760183247461535
2024-08-10T21:00:00Z,69.57,-138.91,0.6226335581980873,-0.11037684482398495
2024-08-10T22:00:00Z,69.57,-138.91,0.6183163515165703,0.20028786368884058
2024-08-10T23:00:00Z,69.57,-138.91,0.586596980595156,0.5046780344258194
2024-08-11T00:00:00Z,69.57,-138.91,0.5311673908431819,0.7955712803869629
2024-08-11T01:00:00Z,69.57,-138.91,0.45769539636207734,1.0703168335061781
2024-08-11T02:00:00Z,69.57,-138.91,0.37250233054168636,1.3303241625952398
2024-08-11T03:00:00Z,69.57,-138.91,0.2817470041725602,1.5793538745667253
2024-08-11T04:00:00Z,69.57,-138.91,0.1911467097027529,1.8219578397809333
2024-08-11T05:00:00Z,69.57,-138.91,0.10598610814552041,2.0624588814417635
2024-08-11T06:00:00Z,69.57,-138.91,0.03117475560397598,2.3043218452912964
2024-08-11T07:00:00Z,69.57,-138.91,-0.028799045530752652,2.5497188683979823
2024-08-11T08:00:00Z,69.57,-138.91,-0.07008781410259814,2.7992444092006026
2024-08-11T09:00:00Z,69.57,-138.91,-0.08985750056350127,3.0518990769426724
2024-08-11T10:00:00Z,69.57,-138.91,-0.08668960195877337,-2.9776848285946715
2024-08-11T11:00:00Z,69.57,-138.91,-0.060827000312853416,-2.7256726689147666
2024-08-11T12:00:00Z,69.57,-138.91,-0.014131222717902221,-2.4771687462907064
2024-08-11T13:00:00Z,69.57,-138.91,0.05022477949813788,-2.2327462402831197
2024-08-11T14:00:00Z,69.57,-138.91,0.12816756497034534,-1.9913524583134226
2024-08-11T15:00:00Z,69.57,-138.91,0.2150605432875371,-1.7504205635083991
2024-08-11T16:00:00Z,69.57,-138.91,0.30587286810506886,-1.5062073260590167
2024-08-11T17:00:00Z,69.57,-138.91,0.3951876628603926,-1.2542776043616402
2024-08-11T18:00:00Z,69.57,-138.91,0.4771436250456487,-0.9902294139024673
2024-08-11T19:00:00Z,69.57,-138.91,0.5454884683409006,-0.7108683113078026
2024-08-11T20:00:00Z,69.57,-138.91,0.5939996804131132,-0.41587289612025524
2024-08-11T21:00:00Z,69.57,-138.91,0.6174731803154394,-0.10928950561792487
2024-08-11T22:00:00Z,69.57,-138.91,0.6130864240134142,0.20066199058318876
2024-08-11T23:00:00Z,69.57,-138.91,0.5813603328554997,0.5043949564019952
2024-08-12T00:00:00Z,69.57,-138.91,0.5259667253731504,0.7947823215115971
2024-08-12T01:00:00Z,69.57,-138.91,0.4525432009691459,1.0692041862921542
2024-08-12T02:00:00Z,69.57,-138.91,0.36738615908154654,1.3290544118242287
2024-08-12T03:00:00Z,69.57,-138.91,0.27664102419606845,1.5780635544183537
2024-08-12T04:00:00Z,69.57,-138.91,0.18602277514549334,1.8207586094740749
2024-08-12T05:00:00Z,69.57,-138.91,0.10082239236046256,2.061447922237672
2024-08-12T06:00:00Z,69.57,-138.91,0.025962127637669138,2.3035891469285925
2024-08-12T07:00:00Z,69.57,-138.91,-0.03405290078258871,2.5493476218390843
2024-08-12T08:00:00Z,69.57,-138.91,-0.07535753491538093,2.7993037629450006
2024-08-12T09:00:00Z,69.57,-138.91,-0.09510388091931594,3.052432136271085
2024-08-12T10:00:00Z,69.57,-138.91,-0.09186836137056172,-2.9766711100863383
2024-08-12T11:00:00Z,69.57,-138.91,-0.06590019680902198,-2.7242087566243343
2024-08-12T12:00:00Z,69.57,-138.91,-0.019077232128239544,-2.4753133575208612
2024-08-12T13:00:00Z,69.57,-138.91,0.04540592505648463,-2.2305721381325925
2024-08-12T14:00:00Z,69.57,-138.91,0.12345397249655377,-1.9889350036438596
2024-08-12T15:00:00Z,69.57,-138.91,0.21041183175204148,-1.7478339641159075
2024-08-12T16:00:00Z,69.57,-138.91,0.3012354612976787,-1.5035295187830815
2024-08-12T17:00:00Z,69.57,-138.91,0.3905015920279115,-1.2516021671523399
2024-08-12T18:00:00Z,69.57,-138.91,0.4723517836488761,-0.9876805487685295
2024-08-12T19:00:00Z,69.57,-138.91,0.540549376097616,-0.7086097696669932
2024-08-12T20:00:00Z,69.57,-138.91,0.5889019958784639,-0.414094296836215
2024-08-12T21:00:00Z,69.57,-138.91,0.612244199620404,-0.10815632593451337
2024-08-12T22:00:00Z,69.57,-138.91,0.6077839854768364,0.20107744938024932
2024-08-12T23:00:00Z,69.57,-138.91,0.5760479292614282,0.5041478383534139
2024-08-13T00:00:00Z,69.57,-138.91,0.5206879870050575,0.7940234628919454
2024-08-13T01:00:00Z,69.57,-138.91,0.44731157864169063,1.0681161496808544
2024-08-13T02:00:00Z,69.57,-138.91,0.3621900035665529,1.3278049678099766
2024-08-13T03:00:00Z,69.57,-138.91,0.2714550704122639,1.5767909099476753
2024-08-13T04:00:00Z,69.57,-138.91,0.1808192726337967,1.8195763087773573
2024-08-13T05:00:00Z,69.57,-138.91,0.09557985398216763,2.0604551068324395
2024-08-13T06:00:00Z,69.57,-138.91,0.020671829238796846,2.3028777590553315
